,mean_fit_time,std_fit_time,mean_score_time,std_score_time,param_gaussian_neighborhood_sigma,param_initialization,param_learning_rate_0,param_learning_rate_decay,param_learning_rate_n,param_n_epochs,param_neighborhood,param_radius_0,param_radius_cooling,param_radius_n,param_som_dimensions,param_som_grid_type,param_som_topology,params,split0_test_score,mean_test_score,std_test_score,rank_test_score
0,524.4149572849274,0.0,0.1909935474395752,0.0,0.1,pca,0.1,exponential,0.001,6000,gaussian,-0.25,exponential,0.1,"(15, 15)",rectangular,planar,"{'gaussian_neighborhood_sigma': 0.1, 'initialization': 'pca', 'learning_rate_0': 0.1, 'learning_rate_decay': 'exponential', 'learning_rate_n': 0.001, 'n_epochs': 6000, 'neighborhood': 'gaussian', 'radius_0': -0.25, 'radius_cooling': 'exponential', 'radius_n': 0.1, 'som_dimensions': (15, 15), 'som_grid_type': 'rectangular', 'som_topology': 'planar'}",0.9658004779277872,0.9658004779277872,0.0,174
1,803.0444276332855,0.0,0.29204320907592773,0.0,0.1,pca,0.1,exponential,0.001,6000,gaussian,-0.25,exponential,0.1,"(20, 20)",rectangular,planar,"{'gaussian_neighborhood_sigma': 0.1, 'initialization': 'pca', 'learning_rate_0': 0.1, 'learning_rate_decay': 'exponential', 'learning_rate_n': 0.001, 'n_epochs': 6000, 'neighborhood': 'gaussian', 'radius_0': -0.25, 'radius_cooling': 'exponential', 'radius_n': 0.1, 'som_dimensions': (20, 20), 'som_grid_type': 'rectangular', 'som_topology': 'planar'}",0.863691252505926,0.863691252505926,0.0,233
2,1060.774896144867,0.0,0.3251802921295166,0.0,0.1,pca,0.1,exponential,0.001,6000,gaussian,-0.25,exponential,0.1,"(25, 25)",rectangular,planar,"{'gaussian_neighborhood_sigma': 0.1, 'initialization': 'pca', 'learning_rate_0': 0.1, 'learning_rate_decay': 'exponential', 'learning_rate_n': 0.001, 'n_epochs': 6000, 'neighborhood': 'gaussian', 'radius_0': -0.25, 'radius_cooling': 'exponential', 'radius_n': 0.1, 'som_dimensions': (25, 25), 'som_grid_type': 'rectangular', 'som_topology': 'planar'}",0.8649225992345081,0.8649225992345081,0.0,210
3,551.5491857528687,0.0,0.16871070861816406,0.0,0.1,pca,0.1,exponential,0.001,6000,gaussian,-0.5,exponential,0.1,"(15, 15)",rectangular,planar,"{'gaussian_neighborhood_sigma': 0.1, 'initialization': 'pca', 'learning_rate_0': 0.1, 'learning_rate_decay': 'exponential', 'learning_rate_n': 0.001, 'n_epochs': 6000, 'neighborhood': 'gaussian', 'radius_0': -0.5, 'radius_cooling': 'exponential', 'radius_n': 0.1, 'som_dimensions': (15, 15), 'som_grid_type': 'rectangular', 'som_topology': 'planar'}",0.9658638073155996,0.9658638073155996,0.0,173
4,786.265552520752,0.0,0.23198533058166504,0.0,0.1,pca,0.1,exponential,0.001,6000,gaussian,-0.5,exponential,0.1,"(20, 20)",rectangular,planar,"{'gaussian_neighborhood_sigma': 0.1, 'initialization': 'pca', 'learning_rate_0': 0.1, 'learning_rate_decay': 'exponential', 'learning_rate_n': 0.001, 'n_epochs': 6000, 'neighborhood': 'gaussian', 'radius_0': -0.5, 'radius_cooling': 'exponential', 'radius_n': 0.1, 'som_dimensions': (20, 20), 'som_grid_type': 'rectangular', 'som_topology': 'planar'}",0.9702130779820392,0.9702130779820392,0.0,107
5,1074.5639688968658,0.0,0.32898855209350586,0.0,0.1,pca,0.1,exponential,0.001,6000,gaussian,-0.5,exponential,0.1,"(25, 25)",rectangular,planar,"{'gaussian_neighborhood_sigma': 0.1, 'initialization': 'pca', 'learning_rate_0': 0.1, 'learning_rate_decay': 'exponential', 'learning_rate_n': 0.001, 'n_epochs': 6000, 'neighborhood': 'gaussian', 'radius_0': -0.5, 'radius_cooling': 'exponential', 'radius_n': 0.1, 'som_dimensions': (25, 25), 'som_grid_type': 'rectangular', 'som_topology': 'planar'}",0.9744533082650704,0.9744533082650704,0.0,1
6,572.557924747467,0.0,0.16244745254516602,0.0,0.1,pca,0.1,exponential,0.001,6000,gaussian,-0.75,exponential,0.1,"(15, 15)",rectangular,planar,"{'gaussian_neighborhood_sigma': 0.1, 'initialization': 'pca', 'learning_rate_0': 0.1, 'learning_rate_decay': 'exponential', 'learning_rate_n': 0.001, 'n_epochs': 6000, 'neighborhood': 'gaussian', 'radius_0': -0.75, 'radius_cooling': 'exponential', 'radius_n': 0.1, 'som_dimensions': (15, 15), 'som_grid_type': 'rectangular', 'som_topology': 'planar'}",0.9701472202776757,0.9701472202776757,0.0,109
7,812.0566399097443,0.0,0.23596978187561035,0.0,0.1,pca,0.1,exponential,0.001,6000,gaussian,-0.75,exponential,0.1,"(20, 20)",rectangular,planar,"{'gaussian_neighborhood_sigma': 0.1, 'initialization': 'pca', 'learning_rate_0': 0.1, 'learning_rate_decay': 'exponential', 'learning_rate_n': 0.001, 'n_epochs': 6000, 'neighborhood': 'gaussian', 'radius_0': -0.75, 'radius_cooling': 'exponential', 'radius_n': 0.1, 'som_dimensions': (20, 20), 'som_grid_type': 'rectangular', 'som_topology': 'planar'}",0.970904958645717,0.970904958645717,0.0,93
8,1088.0844717025757,0.0,0.31222033500671387,0.0,0.1,pca,0.1,exponential,0.001,6000,gaussian,-0.75,exponential,0.1,"(25, 25)",rectangular,planar,"{'gaussian_neighborhood_sigma': 0.1, 'initialization': 'pca', 'learning_rate_0': 0.1, 'learning_rate_decay': 'exponential', 'learning_rate_n': 0.001, 'n_epochs': 6000, 'neighborhood': 'gaussian', 'radius_0': -0.75, 'radius_cooling': 'exponential', 'radius_n': 0.1, 'som_dimensions': (25, 25), 'som_grid_type': 'rectangular', 'som_topology': 'planar'}",0.9730457757780722,0.9730457757780722,0.0,26
9,538.961354970932,0.0,0.18076515197753906,0.0,0.1,pca,0.1,exponential,0.05,6000,gaussian,-0.25,exponential,0.1,"(15, 15)",rectangular,planar,"{'gaussian_neighborhood_sigma': 0.1, 'initialization': 'pca', 'learning_rate_0': 0.1, 'learning_rate_decay': 'exponential', 'learning_rate_n': 0.05, 'n_epochs': 6000, 'neighborhood': 'gaussian', 'radius_0': -0.25, 'radius_cooling': 'exponential', 'radius_n': 0.1, 'som_dimensions': (15, 15), 'som_grid_type': 'rectangular', 'som_topology': 'planar'}",0.9643437266097798,0.9643437266097798,0.0,190
10,768.6560349464417,0.0,0.2384507656097412,0.0,0.1,pca,0.1,exponential,0.05,6000,gaussian,-0.25,exponential,0.1,"(20, 20)",rectangular,planar,"{'gaussian_neighborhood_sigma': 0.1, 'initialization': 'pca', 'learning_rate_0': 0.1, 'learning_rate_decay': 'exponential', 'learning_rate_n': 0.05, 'n_epochs': 6000, 'neighborhood': 'gaussian', 'radius_0': -0.25, 'radius_cooling': 'exponential', 'radius_n': 0.1, 'som_dimensions': (20, 20), 'som_grid_type': 'rectangular', 'som_topology': 'planar'}",0.9724074429443679,0.9724074429443679,0.0,42
11,1022.428760766983,0.0,0.3722877502441406,0.0,0.1,pca,0.1,exponential,0.05,6000,gaussian,-0.25,exponential,0.1,"(25, 25)",rectangular,planar,"{'gaussian_neighborhood_sigma': 0.1, 'initialization': 'pca', 'learning_rate_0': 0.1, 'learning_rate_decay': 'exponential', 'learning_rate_n': 0.05, 'n_epochs': 6000, 'neighborhood': 'gaussian', 'radius_0': -0.25, 'radius_cooling': 'exponential', 'radius_n': 0.1, 'som_dimensions': (25, 25), 'som_grid_type': 'rectangular', 'som_topology': 'planar'}",0.865399657204782,0.865399657204782,0.0,207
12,538.7322020530701,0.0,0.16896438598632812,0.0,0.1,pca,0.1,exponential,0.05,6000,gaussian,-0.5,exponential,0.1,"(15, 15)",rectangular,planar,"{'gaussian_neighborhood_sigma': 0.1, 'initialization': 'pca', 'learning_rate_0': 0.1, 'learning_rate_decay': 'exponential', 'learning_rate_n': 0.05, 'n_epochs': 6000, 'neighborhood': 'gaussian', 'radius_0': -0.5, 'radius_cooling': 'exponential', 'radius_n': 0.1, 'som_dimensions': (15, 15), 'som_grid_type': 'rectangular', 'som_topology': 'planar'}",0.9672547316161002,0.9672547316161002,0.0,154
13,751.3800249099731,0.0,0.24248099327087402,0.0,0.1,pca,0.1,exponential,0.05,6000,gaussian,-0.5,exponential,0.1,"(20, 20)",rectangular,planar,"{'gaussian_neighborhood_sigma': 0.1, 'initialization': 'pca', 'learning_rate_0': 0.1, 'learning_rate_decay': 'exponential', 'learning_rate_n': 0.05, 'n_epochs': 6000, 'neighborhood': 'gaussian', 'radius_0': -0.5, 'radius_cooling': 'exponential', 'radius_n': 0.1, 'som_dimensions': (20, 20), 'som_grid_type': 'rectangular', 'som_topology': 'planar'}",0.8589883676904508,0.8589883676904508,0.0,243
14,1000.8057363033295,0.0,0.3170638084411621,0.0,0.1,pca,0.1,exponential,0.05,6000,gaussian,-0.5,exponential,0.1,"(25, 25)",rectangular,planar,"{'gaussian_neighborhood_sigma': 0.1, 'initialization': 'pca', 'learning_rate_0': 0.1, 'learning_rate_decay': 'exponential', 'learning_rate_n': 0.05, 'n_epochs': 6000, 'neighborhood': 'gaussian', 'radius_0': -0.5, 'radius_cooling': 'exponential', 'radius_n': 0.1, 'som_dimensions': (25, 25), 'som_grid_type': 'rectangular', 'som_topology': 'planar'}",0.9734610424480444,0.9734610424480444,0.0,13
15,546.6599519252777,0.0,0.16634130477905273,0.0,0.1,pca,0.1,exponential,0.05,6000,gaussian,-0.75,exponential,0.1,"(15, 15)",rectangular,planar,"{'gaussian_neighborhood_sigma': 0.1, 'initialization': 'pca', 'learning_rate_0': 0.1, 'learning_rate_decay': 'exponential', 'learning_rate_n': 0.05, 'n_epochs': 6000, 'neighborhood': 'gaussian', 'radius_0': -0.75, 'radius_cooling': 'exponential', 'radius_n': 0.1, 'som_dimensions': (15, 15), 'som_grid_type': 'rectangular', 'som_topology': 'planar'}",0.9706217960878688,0.9706217960878688,0.0,97
16,787.3469891548157,0.0,0.24166202545166016,0.0,0.1,pca,0.1,exponential,0.05,6000,gaussian,-0.75,exponential,0.1,"(20, 20)",rectangular,planar,"{'gaussian_neighborhood_sigma': 0.1, 'initialization': 'pca', 'learning_rate_0': 0.1, 'learning_rate_decay': 'exponential', 'learning_rate_n': 0.05, 'n_epochs': 6000, 'neighborhood': 'gaussian', 'radius_0': -0.75, 'radius_cooling': 'exponential', 'radius_n': 0.1, 'som_dimensions': (20, 20), 'som_grid_type': 'rectangular', 'som_topology': 'planar'}",0.9702528450450553,0.9702528450450553,0.0,106
17,1112.4064931869507,0.0,0.34920716285705566,0.0,0.1,pca,0.1,exponential,0.05,6000,gaussian,-0.75,exponential,0.1,"(25, 25)",rectangular,planar,"{'gaussian_neighborhood_sigma': 0.1, 'initialization': 'pca', 'learning_rate_0': 0.1, 'learning_rate_decay': 'exponential', 'learning_rate_n': 0.05, 'n_epochs': 6000, 'neighborhood': 'gaussian', 'radius_0': -0.75, 'radius_cooling': 'exponential', 'radius_n': 0.1, 'som_dimensions': (25, 25), 'som_grid_type': 'rectangular', 'som_topology': 'planar'}",0.9723147121081533,0.9723147121081533,0.0,44
18,554.2654445171356,0.0,0.15756726264953613,0.0,0.1,pca,0.1,exponential,0.1,6000,gaussian,-0.25,exponential,0.1,"(15, 15)",rectangular,planar,"{'gaussian_neighborhood_sigma': 0.1, 'initialization': 'pca', 'learning_rate_0': 0.1, 'learning_rate_decay': 'exponential', 'learning_rate_n': 0.1, 'n_epochs': 6000, 'neighborhood': 'gaussian', 'radius_0': -0.25, 'radius_cooling': 'exponential', 'radius_n': 0.1, 'som_dimensions': (15, 15), 'som_grid_type': 'rectangular', 'som_topology': 'planar'}",0.9624159619895798,0.9624159619895798,0.0,196
19,791.0996553897858,0.0,0.2294473648071289,0.0,0.1,pca,0.1,exponential,0.1,6000,gaussian,-0.25,exponential,0.1,"(20, 20)",rectangular,planar,"{'gaussian_neighborhood_sigma': 0.1, 'initialization': 'pca', 'learning_rate_0': 0.1, 'learning_rate_decay': 'exponential', 'learning_rate_n': 0.1, 'n_epochs': 6000, 'neighborhood': 'gaussian', 'radius_0': -0.25, 'radius_cooling': 'exponential', 'radius_n': 0.1, 'som_dimensions': (20, 20), 'som_grid_type': 'rectangular', 'som_topology': 'planar'}",0.8619614026156738,0.8619614026156738,0.0,241
20,1047.5882558822632,0.0,0.31468629837036133,0.0,0.1,pca,0.1,exponential,0.1,6000,gaussian,-0.25,exponential,0.1,"(25, 25)",rectangular,planar,"{'gaussian_neighborhood_sigma': 0.1, 'initialization': 'pca', 'learning_rate_0': 0.1, 'learning_rate_decay': 'exponential', 'learning_rate_n': 0.1, 'n_epochs': 6000, 'neighborhood': 'gaussian', 'radius_0': -0.25, 'radius_cooling': 'exponential', 'radius_n': 0.1, 'som_dimensions': (25, 25), 'som_grid_type': 'rectangular', 'som_topology': 'planar'}",0.8640818233572033,0.8640818233572033,0.0,225
21,586.9195737838745,0.0,0.15775179862976074,0.0,0.1,pca,0.1,exponential,0.1,6000,gaussian,-0.5,exponential,0.1,"(15, 15)",rectangular,planar,"{'gaussian_neighborhood_sigma': 0.1, 'initialization': 'pca', 'learning_rate_0': 0.1, 'learning_rate_decay': 'exponential', 'learning_rate_n': 0.1, 'n_epochs': 6000, 'neighborhood': 'gaussian', 'radius_0': -0.5, 'radius_cooling': 'exponential', 'radius_n': 0.1, 'som_dimensions': (15, 15), 'som_grid_type': 'rectangular', 'som_topology': 'planar'}",0.9676399454969608,0.9676399454969608,0.0,149
22,824.6206922531128,0.0,0.23206114768981934,0.0,0.1,pca,0.1,exponential,0.1,6000,gaussian,-0.5,exponential,0.1,"(20, 20)",rectangular,planar,"{'gaussian_neighborhood_sigma': 0.1, 'initialization': 'pca', 'learning_rate_0': 0.1, 'learning_rate_decay': 'exponential', 'learning_rate_n': 0.1, 'n_epochs': 6000, 'neighborhood': 'gaussian', 'radius_0': -0.5, 'radius_cooling': 'exponential', 'radius_n': 0.1, 'som_dimensions': (20, 20), 'som_grid_type': 'rectangular', 'som_topology': 'planar'}",0.9690548570565771,0.9690548570565771,0.0,133
23,1022.1349425315857,0.0,0.3079261779785156,0.0,0.1,pca,0.1,exponential,0.1,6000,gaussian,-0.5,exponential,0.1,"(25, 25)",rectangular,planar,"{'gaussian_neighborhood_sigma': 0.1, 'initialization': 'pca', 'learning_rate_0': 0.1, 'learning_rate_decay': 'exponential', 'learning_rate_n': 0.1, 'n_epochs': 6000, 'neighborhood': 'gaussian', 'radius_0': -0.5, 'radius_cooling': 'exponential', 'radius_n': 0.1, 'som_dimensions': (25, 25), 'som_grid_type': 'rectangular', 'som_topology': 'planar'}",0.9728979502386101,0.9728979502386101,0.0,29
24,533.0425152778625,0.0,0.15619921684265137,0.0,0.1,pca,0.1,exponential,0.1,6000,gaussian,-0.75,exponential,0.1,"(15, 15)",rectangular,planar,"{'gaussian_neighborhood_sigma': 0.1, 'initialization': 'pca', 'learning_rate_0': 0.1, 'learning_rate_decay': 'exponential', 'learning_rate_n': 0.1, 'n_epochs': 6000, 'neighborhood': 'gaussian', 'radius_0': -0.75, 'radius_cooling': 'exponential', 'radius_n': 0.1, 'som_dimensions': (15, 15), 'som_grid_type': 'rectangular', 'som_topology': 'planar'}",0.9704641451928311,0.9704641451928311,0.0,103
25,765.4579861164093,0.0,0.25487542152404785,0.0,0.1,pca,0.1,exponential,0.1,6000,gaussian,-0.75,exponential,0.1,"(20, 20)",rectangular,planar,"{'gaussian_neighborhood_sigma': 0.1, 'initialization': 'pca', 'learning_rate_0': 0.1, 'learning_rate_decay': 'exponential', 'learning_rate_n': 0.1, 'n_epochs': 6000, 'neighborhood': 'gaussian', 'radius_0': -0.75, 'radius_cooling': 'exponential', 'radius_n': 0.1, 'som_dimensions': (20, 20), 'som_grid_type': 'rectangular', 'som_topology': 'planar'}",0.969968881915756,0.969968881915756,0.0,116
26,1020.1089069843292,0.0,0.3099379539489746,0.0,0.1,pca,0.1,exponential,0.1,6000,gaussian,-0.75,exponential,0.1,"(25, 25)",rectangular,planar,"{'gaussian_neighborhood_sigma': 0.1, 'initialization': 'pca', 'learning_rate_0': 0.1, 'learning_rate_decay': 'exponential', 'learning_rate_n': 0.1, 'n_epochs': 6000, 'neighborhood': 'gaussian', 'radius_0': -0.75, 'radius_cooling': 'exponential', 'radius_n': 0.1, 'som_dimensions': (25, 25), 'som_grid_type': 'rectangular', 'som_topology': 'planar'}",0.9726326395572921,0.9726326395572921,0.0,37
27,507.4037575721741,0.0,0.16228461265563965,0.0,0.1,pca,0.5,exponential,0.001,6000,gaussian,-0.25,exponential,0.1,"(15, 15)",rectangular,planar,"{'gaussian_neighborhood_sigma': 0.1, 'initialization': 'pca', 'learning_rate_0': 0.5, 'learning_rate_decay': 'exponential', 'learning_rate_n': 0.001, 'n_epochs': 6000, 'neighborhood': 'gaussian', 'radius_0': -0.25, 'radius_cooling': 'exponential', 'radius_n': 0.1, 'som_dimensions': (15, 15), 'som_grid_type': 'rectangular', 'som_topology': 'planar'}",0.9700790914483062,0.9700790914483062,0.0,110
28,740.6968033313751,0.0,0.23329377174377441,0.0,0.1,pca,0.5,exponential,0.001,6000,gaussian,-0.25,exponential,0.1,"(20, 20)",rectangular,planar,"{'gaussian_neighborhood_sigma': 0.1, 'initialization': 'pca', 'learning_rate_0': 0.5, 'learning_rate_decay': 'exponential', 'learning_rate_n': 0.001, 'n_epochs': 6000, 'neighborhood': 'gaussian', 'radius_0': -0.25, 'radius_cooling': 'exponential', 'radius_n': 0.1, 'som_dimensions': (20, 20), 'som_grid_type': 'rectangular', 'som_topology': 'planar'}",0.863454511974419,0.863454511974419,0.0,236
29,950.5921230316162,0.0,0.3095276355743408,0.0,0.1,pca,0.5,exponential,0.001,6000,gaussian,-0.25,exponential,0.1,"(25, 25)",rectangular,planar,"{'gaussian_neighborhood_sigma': 0.1, 'initialization': 'pca', 'learning_rate_0': 0.5, 'learning_rate_decay': 'exponential', 'learning_rate_n': 0.001, 'n_epochs': 6000, 'neighborhood': 'gaussian', 'radius_0': -0.25, 'radius_cooling': 'exponential', 'radius_n': 0.1, 'som_dimensions': (25, 25), 'som_grid_type': 'rectangular', 'som_topology': 'planar'}",0.8621154509341324,0.8621154509341324,0.0,240
30,519.4578154087067,0.0,0.15675091743469238,0.0,0.1,pca,0.5,exponential,0.001,6000,gaussian,-0.5,exponential,0.1,"(15, 15)",rectangular,planar,"{'gaussian_neighborhood_sigma': 0.1, 'initialization': 'pca', 'learning_rate_0': 0.5, 'learning_rate_decay': 'exponential', 'learning_rate_n': 0.001, 'n_epochs': 6000, 'neighborhood': 'gaussian', 'radius_0': -0.5, 'radius_cooling': 'exponential', 'radius_n': 0.1, 'som_dimensions': (15, 15), 'som_grid_type': 'rectangular', 'som_topology': 'planar'}",0.966561827495446,0.966561827495446,0.0,163
31,742.3129041194916,0.0,0.21618151664733887,0.0,0.1,pca,0.5,exponential,0.001,6000,gaussian,-0.5,exponential,0.1,"(20, 20)",rectangular,planar,"{'gaussian_neighborhood_sigma': 0.1, 'initialization': 'pca', 'learning_rate_0': 0.5, 'learning_rate_decay': 'exponential', 'learning_rate_n': 0.001, 'n_epochs': 6000, 'neighborhood': 'gaussian', 'radius_0': -0.5, 'radius_cooling': 'exponential', 'radius_n': 0.1, 'som_dimensions': (20, 20), 'som_grid_type': 'rectangular', 'som_topology': 'planar'}",0.9704550200625455,0.9704550200625455,0.0,104
32,984.7710638046265,0.0,0.3058600425720215,0.0,0.1,pca,0.5,exponential,0.001,6000,gaussian,-0.5,exponential,0.1,"(25, 25)",rectangular,planar,"{'gaussian_neighborhood_sigma': 0.1, 'initialization': 'pca', 'learning_rate_0': 0.5, 'learning_rate_decay': 'exponential', 'learning_rate_n': 0.001, 'n_epochs': 6000, 'neighborhood': 'gaussian', 'radius_0': -0.5, 'radius_cooling': 'exponential', 'radius_n': 0.1, 'som_dimensions': (25, 25), 'som_grid_type': 'rectangular', 'som_topology': 'planar'}",0.9730936889839695,0.9730936889839695,0.0,25
33,522.8237075805664,0.0,0.15514564514160156,0.0,0.1,pca,0.5,exponential,0.001,6000,gaussian,-0.75,exponential,0.1,"(15, 15)",rectangular,planar,"{'gaussian_neighborhood_sigma': 0.1, 'initialization': 'pca', 'learning_rate_0': 0.5, 'learning_rate_decay': 'exponential', 'learning_rate_n': 0.001, 'n_epochs': 6000, 'neighborhood': 'gaussian', 'radius_0': -0.75, 'radius_cooling': 'exponential', 'radius_n': 0.1, 'som_dimensions': (15, 15), 'som_grid_type': 'rectangular', 'som_topology': 'planar'}",0.9699001232213413,0.9699001232213413,0.0,121
34,755.2764005661011,0.0,0.22058439254760742,0.0,0.1,pca,0.5,exponential,0.001,6000,gaussian,-0.75,exponential,0.1,"(20, 20)",rectangular,planar,"{'gaussian_neighborhood_sigma': 0.1, 'initialization': 'pca', 'learning_rate_0': 0.5, 'learning_rate_decay': 'exponential', 'learning_rate_n': 0.001, 'n_epochs': 6000, 'neighborhood': 'gaussian', 'radius_0': -0.75, 'radius_cooling': 'exponential', 'radius_n': 0.1, 'som_dimensions': (20, 20), 'som_grid_type': 'rectangular', 'som_topology': 'planar'}",0.9716046915824337,0.9716046915824337,0.0,66
35,1001.3585133552551,0.0,0.3217639923095703,0.0,0.1,pca,0.5,exponential,0.001,6000,gaussian,-0.75,exponential,0.1,"(25, 25)",rectangular,planar,"{'gaussian_neighborhood_sigma': 0.1, 'initialization': 'pca', 'learning_rate_0': 0.5, 'learning_rate_decay': 'exponential', 'learning_rate_n': 0.001, 'n_epochs': 6000, 'neighborhood': 'gaussian', 'radius_0': -0.75, 'radius_cooling': 'exponential', 'radius_n': 0.1, 'som_dimensions': (25, 25), 'som_grid_type': 'rectangular', 'som_topology': 'planar'}",0.9718951500134818,0.9718951500134818,0.0,55
36,491.14276218414307,0.0,0.17686891555786133,0.0,0.1,pca,0.5,exponential,0.05,6000,gaussian,-0.25,exponential,0.1,"(15, 15)",rectangular,planar,"{'gaussian_neighborhood_sigma': 0.1, 'initialization': 'pca', 'learning_rate_0': 0.5, 'learning_rate_decay': 'exponential', 'learning_rate_n': 0.05, 'n_epochs': 6000, 'neighborhood': 'gaussian', 'radius_0': -0.25, 'radius_cooling': 'exponential', 'radius_n': 0.1, 'som_dimensions': (15, 15), 'som_grid_type': 'rectangular', 'som_topology': 'planar'}",0.9649323485180963,0.9649323485180963,0.0,188
37,707.960363149643,0.0,0.22798728942871094,0.0,0.1,pca,0.5,exponential,0.05,6000,gaussian,-0.25,exponential,0.1,"(20, 20)",rectangular,planar,"{'gaussian_neighborhood_sigma': 0.1, 'initialization': 'pca', 'learning_rate_0': 0.5, 'learning_rate_decay': 'exponential', 'learning_rate_n': 0.05, 'n_epochs': 6000, 'neighborhood': 'gaussian', 'radius_0': -0.25, 'radius_cooling': 'exponential', 'radius_n': 0.1, 'som_dimensions': (20, 20), 'som_grid_type': 'rectangular', 'som_topology': 'planar'}",0.9689562988410116,0.9689562988410116,0.0,135
38,929.8034365177155,0.0,0.32651710510253906,0.0,0.1,pca,0.5,exponential,0.05,6000,gaussian,-0.25,exponential,0.1,"(25, 25)",rectangular,planar,"{'gaussian_neighborhood_sigma': 0.1, 'initialization': 'pca', 'learning_rate_0': 0.5, 'learning_rate_decay': 'exponential', 'learning_rate_n': 0.05, 'n_epochs': 6000, 'neighborhood': 'gaussian', 'radius_0': -0.25, 'radius_cooling': 'exponential', 'radius_n': 0.1, 'som_dimensions': (25, 25), 'som_grid_type': 'rectangular', 'som_topology': 'planar'}",0.9715344126920639,0.9715344126920639,0.0,68
39,496.64555764198303,0.0,0.1597459316253662,0.0,0.1,pca,0.5,exponential,0.05,6000,gaussian,-0.5,exponential,0.1,"(15, 15)",rectangular,planar,"{'gaussian_neighborhood_sigma': 0.1, 'initialization': 'pca', 'learning_rate_0': 0.5, 'learning_rate_decay': 'exponential', 'learning_rate_n': 0.05, 'n_epochs': 6000, 'neighborhood': 'gaussian', 'radius_0': -0.5, 'radius_cooling': 'exponential', 'radius_n': 0.1, 'som_dimensions': (15, 15), 'som_grid_type': 'rectangular', 'som_topology': 'planar'}",0.9663880660918447,0.9663880660918447,0.0,165
40,734.8650166988373,0.0,0.22651362419128418,0.0,0.1,pca,0.5,exponential,0.05,6000,gaussian,-0.5,exponential,0.1,"(20, 20)",rectangular,planar,"{'gaussian_neighborhood_sigma': 0.1, 'initialization': 'pca', 'learning_rate_0': 0.5, 'learning_rate_decay': 'exponential', 'learning_rate_n': 0.05, 'n_epochs': 6000, 'neighborhood': 'gaussian', 'radius_0': -0.5, 'radius_cooling': 'exponential', 'radius_n': 0.1, 'som_dimensions': (20, 20), 'som_grid_type': 'rectangular', 'som_topology': 'planar'}",0.9691679851840753,0.9691679851840753,0.0,130
41,957.7636933326721,0.0,0.3509211540222168,0.0,0.1,pca,0.5,exponential,0.05,6000,gaussian,-0.5,exponential,0.1,"(25, 25)",rectangular,planar,"{'gaussian_neighborhood_sigma': 0.1, 'initialization': 'pca', 'learning_rate_0': 0.5, 'learning_rate_decay': 'exponential', 'learning_rate_n': 0.05, 'n_epochs': 6000, 'neighborhood': 'gaussian', 'radius_0': -0.5, 'radius_cooling': 'exponential', 'radius_n': 0.1, 'som_dimensions': (25, 25), 'som_grid_type': 'rectangular', 'som_topology': 'planar'}",0.9732160492446476,0.9732160492446476,0.0,22
42,530.4103441238403,0.0,0.16815781593322754,0.0,0.1,pca,0.5,exponential,0.05,6000,gaussian,-0.75,exponential,0.1,"(15, 15)",rectangular,planar,"{'gaussian_neighborhood_sigma': 0.1, 'initialization': 'pca', 'learning_rate_0': 0.5, 'learning_rate_decay': 'exponential', 'learning_rate_n': 0.05, 'n_epochs': 6000, 'neighborhood': 'gaussian', 'radius_0': -0.75, 'radius_cooling': 'exponential', 'radius_n': 0.1, 'som_dimensions': (15, 15), 'som_grid_type': 'rectangular', 'som_topology': 'planar'}",0.9700352943455028,0.9700352943455028,0.0,111
43,745.026850938797,0.0,0.2509448528289795,0.0,0.1,pca,0.5,exponential,0.05,6000,gaussian,-0.75,exponential,0.1,"(20, 20)",rectangular,planar,"{'gaussian_neighborhood_sigma': 0.1, 'initialization': 'pca', 'learning_rate_0': 0.5, 'learning_rate_decay': 'exponential', 'learning_rate_n': 0.05, 'n_epochs': 6000, 'neighborhood': 'gaussian', 'radius_0': -0.75, 'radius_cooling': 'exponential', 'radius_n': 0.1, 'som_dimensions': (20, 20), 'som_grid_type': 'rectangular', 'som_topology': 'planar'}",0.9720518489858425,0.9720518489858425,0.0,50
44,991.8211762905121,0.0,0.31141185760498047,0.0,0.1,pca,0.5,exponential,0.05,6000,gaussian,-0.75,exponential,0.1,"(25, 25)",rectangular,planar,"{'gaussian_neighborhood_sigma': 0.1, 'initialization': 'pca', 'learning_rate_0': 0.5, 'learning_rate_decay': 'exponential', 'learning_rate_n': 0.05, 'n_epochs': 6000, 'neighborhood': 'gaussian', 'radius_0': -0.75, 'radius_cooling': 'exponential', 'radius_n': 0.1, 'som_dimensions': (25, 25), 'som_grid_type': 'rectangular', 'som_topology': 'planar'}",0.9719653100158874,0.9719653100158874,0.0,52
45,498.3173279762268,0.0,0.17284560203552246,0.0,0.1,pca,0.5,exponential,0.1,6000,gaussian,-0.25,exponential,0.1,"(15, 15)",rectangular,planar,"{'gaussian_neighborhood_sigma': 0.1, 'initialization': 'pca', 'learning_rate_0': 0.5, 'learning_rate_decay': 'exponential', 'learning_rate_n': 0.1, 'n_epochs': 6000, 'neighborhood': 'gaussian', 'radius_0': -0.25, 'radius_cooling': 'exponential', 'radius_n': 0.1, 'som_dimensions': (15, 15), 'som_grid_type': 'rectangular', 'som_topology': 'planar'}",0.9633639269753208,0.9633639269753208,0.0,192
46,716.3738582134247,0.0,0.23037314414978027,0.0,0.1,pca,0.5,exponential,0.1,6000,gaussian,-0.25,exponential,0.1,"(20, 20)",rectangular,planar,"{'gaussian_neighborhood_sigma': 0.1, 'initialization': 'pca', 'learning_rate_0': 0.5, 'learning_rate_decay': 'exponential', 'learning_rate_n': 0.1, 'n_epochs': 6000, 'neighborhood': 'gaussian', 'radius_0': -0.25, 'radius_cooling': 'exponential', 'radius_n': 0.1, 'som_dimensions': (20, 20), 'som_grid_type': 'rectangular', 'som_topology': 'planar'}",0.9733802470668862,0.9733802470668862,0.0,15
47,968.2598512172699,0.0,0.31579041481018066,0.0,0.1,pca,0.5,exponential,0.1,6000,gaussian,-0.25,exponential,0.1,"(25, 25)",rectangular,planar,"{'gaussian_neighborhood_sigma': 0.1, 'initialization': 'pca', 'learning_rate_0': 0.5, 'learning_rate_decay': 'exponential', 'learning_rate_n': 0.1, 'n_epochs': 6000, 'neighborhood': 'gaussian', 'radius_0': -0.25, 'radius_cooling': 'exponential', 'radius_n': 0.1, 'som_dimensions': (25, 25), 'som_grid_type': 'rectangular', 'som_topology': 'planar'}",0.8640833321363826,0.8640833321363826,0.0,224
48,517.4673683643341,0.0,0.15992999076843262,0.0,0.1,pca,0.5,exponential,0.1,6000,gaussian,-0.5,exponential,0.1,"(15, 15)",rectangular,planar,"{'gaussian_neighborhood_sigma': 0.1, 'initialization': 'pca', 'learning_rate_0': 0.5, 'learning_rate_decay': 'exponential', 'learning_rate_n': 0.1, 'n_epochs': 6000, 'neighborhood': 'gaussian', 'radius_0': -0.5, 'radius_cooling': 'exponential', 'radius_n': 0.1, 'som_dimensions': (15, 15), 'som_grid_type': 'rectangular', 'som_topology': 'planar'}",0.9663374352352572,0.9663374352352572,0.0,166
49,758.2150077819824,0.0,0.23678016662597656,0.0,0.1,pca,0.5,exponential,0.1,6000,gaussian,-0.5,exponential,0.1,"(20, 20)",rectangular,planar,"{'gaussian_neighborhood_sigma': 0.1, 'initialization': 'pca', 'learning_rate_0': 0.5, 'learning_rate_decay': 'exponential', 'learning_rate_n': 0.1, 'n_epochs': 6000, 'neighborhood': 'gaussian', 'radius_0': -0.5, 'radius_cooling': 'exponential', 'radius_n': 0.1, 'som_dimensions': (20, 20), 'som_grid_type': 'rectangular', 'som_topology': 'planar'}",0.8641724486247893,0.8641724486247893,0.0,222
50,989.0275328159332,0.0,0.3364412784576416,0.0,0.1,pca,0.5,exponential,0.1,6000,gaussian,-0.5,exponential,0.1,"(25, 25)",rectangular,planar,"{'gaussian_neighborhood_sigma': 0.1, 'initialization': 'pca', 'learning_rate_0': 0.5, 'learning_rate_decay': 'exponential', 'learning_rate_n': 0.1, 'n_epochs': 6000, 'neighborhood': 'gaussian', 'radius_0': -0.5, 'radius_cooling': 'exponential', 'radius_n': 0.1, 'som_dimensions': (25, 25), 'som_grid_type': 'rectangular', 'som_topology': 'planar'}",0.973705260354327,0.973705260354327,0.0,9
51,523.2305960655212,0.0,0.1524646282196045,0.0,0.1,pca,0.5,exponential,0.1,6000,gaussian,-0.75,exponential,0.1,"(15, 15)",rectangular,planar,"{'gaussian_neighborhood_sigma': 0.1, 'initialization': 'pca', 'learning_rate_0': 0.5, 'learning_rate_decay': 'exponential', 'learning_rate_n': 0.1, 'n_epochs': 6000, 'neighborhood': 'gaussian', 'radius_0': -0.75, 'radius_cooling': 'exponential', 'radius_n': 0.1, 'som_dimensions': (15, 15), 'som_grid_type': 'rectangular', 'som_topology': 'planar'}",0.9705132894468782,0.9705132894468782,0.0,100
52,765.066397190094,0.0,0.2213132381439209,0.0,0.1,pca,0.5,exponential,0.1,6000,gaussian,-0.75,exponential,0.1,"(20, 20)",rectangular,planar,"{'gaussian_neighborhood_sigma': 0.1, 'initialization': 'pca', 'learning_rate_0': 0.5, 'learning_rate_decay': 'exponential', 'learning_rate_n': 0.1, 'n_epochs': 6000, 'neighborhood': 'gaussian', 'radius_0': -0.75, 'radius_cooling': 'exponential', 'radius_n': 0.1, 'som_dimensions': (20, 20), 'som_grid_type': 'rectangular', 'som_topology': 'planar'}",0.9705937523714221,0.9705937523714221,0.0,98
53,1011.0973074436188,0.0,0.30953431129455566,0.0,0.1,pca,0.5,exponential,0.1,6000,gaussian,-0.75,exponential,0.1,"(25, 25)",rectangular,planar,"{'gaussian_neighborhood_sigma': 0.1, 'initialization': 'pca', 'learning_rate_0': 0.5, 'learning_rate_decay': 'exponential', 'learning_rate_n': 0.1, 'n_epochs': 6000, 'neighborhood': 'gaussian', 'radius_0': -0.75, 'radius_cooling': 'exponential', 'radius_n': 0.1, 'som_dimensions': (25, 25), 'som_grid_type': 'rectangular', 'som_topology': 'planar'}",0.9724731117767261,0.9724731117767261,0.0,40
54,491.67755818367004,0.0,0.18673348426818848,0.0,0.1,pca,1.0,exponential,0.001,6000,gaussian,-0.25,exponential,0.1,"(15, 15)",rectangular,planar,"{'gaussian_neighborhood_sigma': 0.1, 'initialization': 'pca', 'learning_rate_0': 1.0, 'learning_rate_decay': 'exponential', 'learning_rate_n': 0.001, 'n_epochs': 6000, 'neighborhood': 'gaussian', 'radius_0': -0.25, 'radius_cooling': 'exponential', 'radius_n': 0.1, 'som_dimensions': (15, 15), 'som_grid_type': 'rectangular', 'som_topology': 'planar'}",0.9611563162693699,0.9611563162693699,0.0,205
55,723.8146543502808,0.0,0.26096534729003906,0.0,0.1,pca,1.0,exponential,0.001,6000,gaussian,-0.25,exponential,0.1,"(20, 20)",rectangular,planar,"{'gaussian_neighborhood_sigma': 0.1, 'initialization': 'pca', 'learning_rate_0': 1.0, 'learning_rate_decay': 'exponential', 'learning_rate_n': 0.001, 'n_epochs': 6000, 'neighborhood': 'gaussian', 'radius_0': -0.25, 'radius_cooling': 'exponential', 'radius_n': 0.1, 'som_dimensions': (20, 20), 'som_grid_type': 'rectangular', 'som_topology': 'planar'}",0.9722105954946322,0.9722105954946322,0.0,45
56,928.3550248146057,0.0,0.3262760639190674,0.0,0.1,pca,1.0,exponential,0.001,6000,gaussian,-0.25,exponential,0.1,"(25, 25)",rectangular,planar,"{'gaussian_neighborhood_sigma': 0.1, 'initialization': 'pca', 'learning_rate_0': 1.0, 'learning_rate_decay': 'exponential', 'learning_rate_n': 0.001, 'n_epochs': 6000, 'neighborhood': 'gaussian', 'radius_0': -0.25, 'radius_cooling': 'exponential', 'radius_n': 0.1, 'som_dimensions': (25, 25), 'som_grid_type': 'rectangular', 'som_topology': 'planar'}",0.9731860970799369,0.9731860970799369,0.0,23
57,339.97410774230957,0.0,0.16427373886108398,0.0,0.1,pca,1.0,exponential,0.001,6000,gaussian,-0.5,exponential,0.1,"(15, 15)",rectangular,planar,"{'gaussian_neighborhood_sigma': 0.1, 'initialization': 'pca', 'learning_rate_0': 1.0, 'learning_rate_decay': 'exponential', 'learning_rate_n': 0.001, 'n_epochs': 6000, 'neighborhood': 'gaussian', 'radius_0': -0.5, 'radius_cooling': 'exponential', 'radius_n': 0.1, 'som_dimensions': (15, 15), 'som_grid_type': 'rectangular', 'som_topology': 'planar'}",0.9669911292664835,0.9669911292664835,0.0,156
58,475.06287717819214,0.0,0.23213434219360352,0.0,0.1,pca,1.0,exponential,0.001,6000,gaussian,-0.5,exponential,0.1,"(20, 20)",rectangular,planar,"{'gaussian_neighborhood_sigma': 0.1, 'initialization': 'pca', 'learning_rate_0': 1.0, 'learning_rate_decay': 'exponential', 'learning_rate_n': 0.001, 'n_epochs': 6000, 'neighborhood': 'gaussian', 'radius_0': -0.5, 'radius_cooling': 'exponential', 'radius_n': 0.1, 'som_dimensions': (20, 20), 'som_grid_type': 'rectangular', 'som_topology': 'planar'}",0.9696462981589489,0.9696462981589489,0.0,124
59,619.2551875114441,0.0,0.32403135299682617,0.0,0.1,pca,1.0,exponential,0.001,6000,gaussian,-0.5,exponential,0.1,"(25, 25)",rectangular,planar,"{'gaussian_neighborhood_sigma': 0.1, 'initialization': 'pca', 'learning_rate_0': 1.0, 'learning_rate_decay': 'exponential', 'learning_rate_n': 0.001, 'n_epochs': 6000, 'neighborhood': 'gaussian', 'radius_0': -0.5, 'radius_cooling': 'exponential', 'radius_n': 0.1, 'som_dimensions': (25, 25), 'som_grid_type': 'rectangular', 'som_topology': 'planar'}",0.9732334306502998,0.9732334306502998,0.0,21
60,349.59355545043945,0.0,0.1516122817993164,0.0,0.1,pca,1.0,exponential,0.001,6000,gaussian,-0.75,exponential,0.1,"(15, 15)",rectangular,planar,"{'gaussian_neighborhood_sigma': 0.1, 'initialization': 'pca', 'learning_rate_0': 1.0, 'learning_rate_decay': 'exponential', 'learning_rate_n': 0.001, 'n_epochs': 6000, 'neighborhood': 'gaussian', 'radius_0': -0.75, 'radius_cooling': 'exponential', 'radius_n': 0.1, 'som_dimensions': (15, 15), 'som_grid_type': 'rectangular', 'som_topology': 'planar'}",0.9704738930380361,0.9704738930380361,0.0,102
61,493.62438464164734,0.0,0.21918773651123047,0.0,0.1,pca,1.0,exponential,0.001,6000,gaussian,-0.75,exponential,0.1,"(20, 20)",rectangular,planar,"{'gaussian_neighborhood_sigma': 0.1, 'initialization': 'pca', 'learning_rate_0': 1.0, 'learning_rate_decay': 'exponential', 'learning_rate_n': 0.001, 'n_epochs': 6000, 'neighborhood': 'gaussian', 'radius_0': -0.75, 'radius_cooling': 'exponential', 'radius_n': 0.1, 'som_dimensions': (20, 20), 'som_grid_type': 'rectangular', 'som_topology': 'planar'}",0.9712475790013988,0.9712475790013988,0.0,82
62,645.6616771221161,0.0,0.301530122756958,0.0,0.1,pca,1.0,exponential,0.001,6000,gaussian,-0.75,exponential,0.1,"(25, 25)",rectangular,planar,"{'gaussian_neighborhood_sigma': 0.1, 'initialization': 'pca', 'learning_rate_0': 1.0, 'learning_rate_decay': 'exponential', 'learning_rate_n': 0.001, 'n_epochs': 6000, 'neighborhood': 'gaussian', 'radius_0': -0.75, 'radius_cooling': 'exponential', 'radius_n': 0.1, 'som_dimensions': (25, 25), 'som_grid_type': 'rectangular', 'som_topology': 'planar'}",0.9727664357346884,0.9727664357346884,0.0,31
63,323.24914479255676,0.0,0.16025876998901367,0.0,0.1,pca,1.0,exponential,0.05,6000,gaussian,-0.25,exponential,0.1,"(15, 15)",rectangular,planar,"{'gaussian_neighborhood_sigma': 0.1, 'initialization': 'pca', 'learning_rate_0': 1.0, 'learning_rate_decay': 'exponential', 'learning_rate_n': 0.05, 'n_epochs': 6000, 'neighborhood': 'gaussian', 'radius_0': -0.25, 'radius_cooling': 'exponential', 'radius_n': 0.1, 'som_dimensions': (15, 15), 'som_grid_type': 'rectangular', 'som_topology': 'planar'}",0.9610370864257172,0.9610370864257172,0.0,206
64,458.5646209716797,0.0,0.22135424613952637,0.0,0.1,pca,1.0,exponential,0.05,6000,gaussian,-0.25,exponential,0.1,"(20, 20)",rectangular,planar,"{'gaussian_neighborhood_sigma': 0.1, 'initialization': 'pca', 'learning_rate_0': 1.0, 'learning_rate_decay': 'exponential', 'learning_rate_n': 0.05, 'n_epochs': 6000, 'neighborhood': 'gaussian', 'radius_0': -0.25, 'radius_cooling': 'exponential', 'radius_n': 0.1, 'som_dimensions': (20, 20), 'som_grid_type': 'rectangular', 'som_topology': 'planar'}",0.9712270511637442,0.9712270511637442,0.0,83
65,590.9967656135559,0.0,0.3180549144744873,0.0,0.1,pca,1.0,exponential,0.05,6000,gaussian,-0.25,exponential,0.1,"(25, 25)",rectangular,planar,"{'gaussian_neighborhood_sigma': 0.1, 'initialization': 'pca', 'learning_rate_0': 1.0, 'learning_rate_decay': 'exponential', 'learning_rate_n': 0.05, 'n_epochs': 6000, 'neighborhood': 'gaussian', 'radius_0': -0.25, 'radius_cooling': 'exponential', 'radius_n': 0.1, 'som_dimensions': (25, 25), 'som_grid_type': 'rectangular', 'som_topology': 'planar'}",0.9714320515459215,0.9714320515459215,0.0,75
66,348.98027515411377,0.0,0.15427017211914062,0.0,0.1,pca,1.0,exponential,0.05,6000,gaussian,-0.5,exponential,0.1,"(15, 15)",rectangular,planar,"{'gaussian_neighborhood_sigma': 0.1, 'initialization': 'pca', 'learning_rate_0': 1.0, 'learning_rate_decay': 'exponential', 'learning_rate_n': 0.05, 'n_epochs': 6000, 'neighborhood': 'gaussian', 'radius_0': -0.5, 'radius_cooling': 'exponential', 'radius_n': 0.1, 'som_dimensions': (15, 15), 'som_grid_type': 'rectangular', 'som_topology': 'planar'}",0.9665615828264476,0.9665615828264476,0.0,164
67,472.9757981300354,0.0,0.2150735855102539,0.0,0.1,pca,1.0,exponential,0.05,6000,gaussian,-0.5,exponential,0.1,"(20, 20)",rectangular,planar,"{'gaussian_neighborhood_sigma': 0.1, 'initialization': 'pca', 'learning_rate_0': 1.0, 'learning_rate_decay': 'exponential', 'learning_rate_n': 0.05, 'n_epochs': 6000, 'neighborhood': 'gaussian', 'radius_0': -0.5, 'radius_cooling': 'exponential', 'radius_n': 0.1, 'som_dimensions': (20, 20), 'som_grid_type': 'rectangular', 'som_topology': 'planar'}",0.9719549997546968,0.9719549997546968,0.0,53
68,616.736225605011,0.0,0.29659175872802734,0.0,0.1,pca,1.0,exponential,0.05,6000,gaussian,-0.5,exponential,0.1,"(25, 25)",rectangular,planar,"{'gaussian_neighborhood_sigma': 0.1, 'initialization': 'pca', 'learning_rate_0': 1.0, 'learning_rate_decay': 'exponential', 'learning_rate_n': 0.05, 'n_epochs': 6000, 'neighborhood': 'gaussian', 'radius_0': -0.5, 'radius_cooling': 'exponential', 'radius_n': 0.1, 'som_dimensions': (25, 25), 'som_grid_type': 'rectangular', 'som_topology': 'planar'}",0.9733190476199107,0.9733190476199107,0.0,17
69,353.3665006160736,0.0,0.15832924842834473,0.0,0.1,pca,1.0,exponential,0.05,6000,gaussian,-0.75,exponential,0.1,"(15, 15)",rectangular,planar,"{'gaussian_neighborhood_sigma': 0.1, 'initialization': 'pca', 'learning_rate_0': 1.0, 'learning_rate_decay': 'exponential', 'learning_rate_n': 0.05, 'n_epochs': 6000, 'neighborhood': 'gaussian', 'radius_0': -0.75, 'radius_cooling': 'exponential', 'radius_n': 0.1, 'som_dimensions': (15, 15), 'som_grid_type': 'rectangular', 'som_topology': 'planar'}",0.9709024901841612,0.9709024901841612,0.0,94
70,491.8056857585907,0.0,0.22055912017822266,0.0,0.1,pca,1.0,exponential,0.05,6000,gaussian,-0.75,exponential,0.1,"(20, 20)",rectangular,planar,"{'gaussian_neighborhood_sigma': 0.1, 'initialization': 'pca', 'learning_rate_0': 1.0, 'learning_rate_decay': 'exponential', 'learning_rate_n': 0.05, 'n_epochs': 6000, 'neighborhood': 'gaussian', 'radius_0': -0.75, 'radius_cooling': 'exponential', 'radius_n': 0.1, 'som_dimensions': (20, 20), 'som_grid_type': 'rectangular', 'som_topology': 'planar'}",0.9710293098219974,0.9710293098219974,0.0,88
71,639.1038522720337,0.0,0.3154432773590088,0.0,0.1,pca,1.0,exponential,0.05,6000,gaussian,-0.75,exponential,0.1,"(25, 25)",rectangular,planar,"{'gaussian_neighborhood_sigma': 0.1, 'initialization': 'pca', 'learning_rate_0': 1.0, 'learning_rate_decay': 'exponential', 'learning_rate_n': 0.05, 'n_epochs': 6000, 'neighborhood': 'gaussian', 'radius_0': -0.75, 'radius_cooling': 'exponential', 'radius_n': 0.1, 'som_dimensions': (25, 25), 'som_grid_type': 'rectangular', 'som_topology': 'planar'}",0.9710159479887277,0.9710159479887277,0.0,89
72,325.2841360569,0.0,0.15743803977966309,0.0,0.1,pca,1.0,exponential,0.1,6000,gaussian,-0.25,exponential,0.1,"(15, 15)",rectangular,planar,"{'gaussian_neighborhood_sigma': 0.1, 'initialization': 'pca', 'learning_rate_0': 1.0, 'learning_rate_decay': 'exponential', 'learning_rate_n': 0.1, 'n_epochs': 6000, 'neighborhood': 'gaussian', 'radius_0': -0.25, 'radius_cooling': 'exponential', 'radius_n': 0.1, 'som_dimensions': (15, 15), 'som_grid_type': 'rectangular', 'som_topology': 'planar'}",0.970186007319779,0.970186007319779,0.0,108
73,455.7034673690796,0.0,0.2284541130065918,0.0,0.1,pca,1.0,exponential,0.1,6000,gaussian,-0.25,exponential,0.1,"(20, 20)",rectangular,planar,"{'gaussian_neighborhood_sigma': 0.1, 'initialization': 'pca', 'learning_rate_0': 1.0, 'learning_rate_decay': 'exponential', 'learning_rate_n': 0.1, 'n_epochs': 6000, 'neighborhood': 'gaussian', 'radius_0': -0.25, 'radius_cooling': 'exponential', 'radius_n': 0.1, 'som_dimensions': (20, 20), 'som_grid_type': 'rectangular', 'som_topology': 'planar'}",0.970949368045084,0.970949368045084,0.0,92
74,592.0762188434601,0.0,0.29801058769226074,0.0,0.1,pca,1.0,exponential,0.1,6000,gaussian,-0.25,exponential,0.1,"(25, 25)",rectangular,planar,"{'gaussian_neighborhood_sigma': 0.1, 'initialization': 'pca', 'learning_rate_0': 1.0, 'learning_rate_decay': 'exponential', 'learning_rate_n': 0.1, 'n_epochs': 6000, 'neighborhood': 'gaussian', 'radius_0': -0.25, 'radius_cooling': 'exponential', 'radius_n': 0.1, 'som_dimensions': (25, 25), 'som_grid_type': 'rectangular', 'som_topology': 'planar'}",0.8642189908852697,0.8642189908852697,0.0,219
75,340.1329152584076,0.0,0.15130257606506348,0.0,0.1,pca,1.0,exponential,0.1,6000,gaussian,-0.5,exponential,0.1,"(15, 15)",rectangular,planar,"{'gaussian_neighborhood_sigma': 0.1, 'initialization': 'pca', 'learning_rate_0': 1.0, 'learning_rate_decay': 'exponential', 'learning_rate_n': 0.1, 'n_epochs': 6000, 'neighborhood': 'gaussian', 'radius_0': -0.5, 'radius_cooling': 'exponential', 'radius_n': 0.1, 'som_dimensions': (15, 15), 'som_grid_type': 'rectangular', 'som_topology': 'planar'}",0.9675956381018831,0.9675956381018831,0.0,150
76,477.35411047935486,0.0,0.2217257022857666,0.0,0.1,pca,1.0,exponential,0.1,6000,gaussian,-0.5,exponential,0.1,"(20, 20)",rectangular,planar,"{'gaussian_neighborhood_sigma': 0.1, 'initialization': 'pca', 'learning_rate_0': 1.0, 'learning_rate_decay': 'exponential', 'learning_rate_n': 0.1, 'n_epochs': 6000, 'neighborhood': 'gaussian', 'radius_0': -0.5, 'radius_cooling': 'exponential', 'radius_n': 0.1, 'som_dimensions': (20, 20), 'som_grid_type': 'rectangular', 'som_topology': 'planar'}",0.9709833423064189,0.9709833423064189,0.0,90
77,618.7078483104706,0.0,0.29469847679138184,0.0,0.1,pca,1.0,exponential,0.1,6000,gaussian,-0.5,exponential,0.1,"(25, 25)",rectangular,planar,"{'gaussian_neighborhood_sigma': 0.1, 'initialization': 'pca', 'learning_rate_0': 1.0, 'learning_rate_decay': 'exponential', 'learning_rate_n': 0.1, 'n_epochs': 6000, 'neighborhood': 'gaussian', 'radius_0': -0.5, 'radius_cooling': 'exponential', 'radius_n': 0.1, 'som_dimensions': (25, 25), 'som_grid_type': 'rectangular', 'som_topology': 'planar'}",0.9729223318685931,0.9729223318685931,0.0,27
78,350.6598606109619,0.0,0.15331602096557617,0.0,0.1,pca,1.0,exponential,0.1,6000,gaussian,-0.75,exponential,0.1,"(15, 15)",rectangular,planar,"{'gaussian_neighborhood_sigma': 0.1, 'initialization': 'pca', 'learning_rate_0': 1.0, 'learning_rate_decay': 'exponential', 'learning_rate_n': 0.1, 'n_epochs': 6000, 'neighborhood': 'gaussian', 'radius_0': -0.75, 'radius_cooling': 'exponential', 'radius_n': 0.1, 'som_dimensions': (15, 15), 'som_grid_type': 'rectangular', 'som_topology': 'planar'}",0.9705867171969874,0.9705867171969874,0.0,99
79,491.4760537147522,0.0,0.22408318519592285,0.0,0.1,pca,1.0,exponential,0.1,6000,gaussian,-0.75,exponential,0.1,"(20, 20)",rectangular,planar,"{'gaussian_neighborhood_sigma': 0.1, 'initialization': 'pca', 'learning_rate_0': 1.0, 'learning_rate_decay': 'exponential', 'learning_rate_n': 0.1, 'n_epochs': 6000, 'neighborhood': 'gaussian', 'radius_0': -0.75, 'radius_cooling': 'exponential', 'radius_n': 0.1, 'som_dimensions': (20, 20), 'som_grid_type': 'rectangular', 'som_topology': 'planar'}",0.9717729028791986,0.9717729028791986,0.0,59
80,643.8861665725708,0.0,0.3018198013305664,0.0,0.1,pca,1.0,exponential,0.1,6000,gaussian,-0.75,exponential,0.1,"(25, 25)",rectangular,planar,"{'gaussian_neighborhood_sigma': 0.1, 'initialization': 'pca', 'learning_rate_0': 1.0, 'learning_rate_decay': 'exponential', 'learning_rate_n': 0.1, 'n_epochs': 6000, 'neighborhood': 'gaussian', 'radius_0': -0.75, 'radius_cooling': 'exponential', 'radius_n': 0.1, 'som_dimensions': (25, 25), 'som_grid_type': 'rectangular', 'som_topology': 'planar'}",0.9721577794499022,0.9721577794499022,0.0,46
81,325.4718916416168,0.0,0.16312694549560547,0.0,0.5,pca,0.1,exponential,0.001,6000,gaussian,-0.25,exponential,0.1,"(15, 15)",rectangular,planar,"{'gaussian_neighborhood_sigma': 0.5, 'initialization': 'pca', 'learning_rate_0': 0.1, 'learning_rate_decay': 'exponential', 'learning_rate_n': 0.001, 'n_epochs': 6000, 'neighborhood': 'gaussian', 'radius_0': -0.25, 'radius_cooling': 'exponential', 'radius_n': 0.1, 'som_dimensions': (15, 15), 'som_grid_type': 'rectangular', 'som_topology': 'planar'}",0.9656867482294607,0.9656867482294607,0.0,179
82,458.461021900177,0.0,0.23172330856323242,0.0,0.5,pca,0.1,exponential,0.001,6000,gaussian,-0.25,exponential,0.1,"(20, 20)",rectangular,planar,"{'gaussian_neighborhood_sigma': 0.5, 'initialization': 'pca', 'learning_rate_0': 0.1, 'learning_rate_decay': 'exponential', 'learning_rate_n': 0.001, 'n_epochs': 6000, 'neighborhood': 'gaussian', 'radius_0': -0.25, 'radius_cooling': 'exponential', 'radius_n': 0.1, 'som_dimensions': (20, 20), 'som_grid_type': 'rectangular', 'som_topology': 'planar'}",0.9662416335091553,0.9662416335091553,0.0,169
83,597.5683586597443,0.0,0.30341649055480957,0.0,0.5,pca,0.1,exponential,0.001,6000,gaussian,-0.25,exponential,0.1,"(25, 25)",rectangular,planar,"{'gaussian_neighborhood_sigma': 0.5, 'initialization': 'pca', 'learning_rate_0': 0.1, 'learning_rate_decay': 'exponential', 'learning_rate_n': 0.001, 'n_epochs': 6000, 'neighborhood': 'gaussian', 'radius_0': -0.25, 'radius_cooling': 'exponential', 'radius_n': 0.1, 'som_dimensions': (25, 25), 'som_grid_type': 'rectangular', 'som_topology': 'planar'}",0.8646797863416161,0.8646797863416161,0.0,212
84,337.5125014781952,0.0,0.15448594093322754,0.0,0.5,pca,0.1,exponential,0.001,6000,gaussian,-0.5,exponential,0.1,"(15, 15)",rectangular,planar,"{'gaussian_neighborhood_sigma': 0.5, 'initialization': 'pca', 'learning_rate_0': 0.1, 'learning_rate_decay': 'exponential', 'learning_rate_n': 0.001, 'n_epochs': 6000, 'neighborhood': 'gaussian', 'radius_0': -0.5, 'radius_cooling': 'exponential', 'radius_n': 0.1, 'som_dimensions': (15, 15), 'som_grid_type': 'rectangular', 'som_topology': 'planar'}",0.9643496731791461,0.9643496731791461,0.0,189
85,472.23230147361755,0.0,0.2445080280303955,0.0,0.5,pca,0.1,exponential,0.001,6000,gaussian,-0.5,exponential,0.1,"(20, 20)",rectangular,planar,"{'gaussian_neighborhood_sigma': 0.5, 'initialization': 'pca', 'learning_rate_0': 0.1, 'learning_rate_decay': 'exponential', 'learning_rate_n': 0.001, 'n_epochs': 6000, 'neighborhood': 'gaussian', 'radius_0': -0.5, 'radius_cooling': 'exponential', 'radius_n': 0.1, 'som_dimensions': (20, 20), 'som_grid_type': 'rectangular', 'som_topology': 'planar'}",0.9690897950727679,0.9690897950727679,0.0,132
86,618.5957639217377,0.0,0.3127899169921875,0.0,0.5,pca,0.1,exponential,0.001,6000,gaussian,-0.5,exponential,0.1,"(25, 25)",rectangular,planar,"{'gaussian_neighborhood_sigma': 0.5, 'initialization': 'pca', 'learning_rate_0': 0.1, 'learning_rate_decay': 'exponential', 'learning_rate_n': 0.001, 'n_epochs': 6000, 'neighborhood': 'gaussian', 'radius_0': -0.5, 'radius_cooling': 'exponential', 'radius_n': 0.1, 'som_dimensions': (25, 25), 'som_grid_type': 'rectangular', 'som_topology': 'planar'}",0.8650154858893535,0.8650154858893535,0.0,209
87,349.69991397857666,0.0,0.15282797813415527,0.0,0.5,pca,0.1,exponential,0.001,6000,gaussian,-0.75,exponential,0.1,"(15, 15)",rectangular,planar,"{'gaussian_neighborhood_sigma': 0.5, 'initialization': 'pca', 'learning_rate_0': 0.1, 'learning_rate_decay': 'exponential', 'learning_rate_n': 0.001, 'n_epochs': 6000, 'neighborhood': 'gaussian', 'radius_0': -0.75, 'radius_cooling': 'exponential', 'radius_n': 0.1, 'som_dimensions': (15, 15), 'som_grid_type': 'rectangular', 'som_topology': 'planar'}",0.9659450502366954,0.9659450502366954,0.0,171
88,491.96202874183655,0.0,0.21717119216918945,0.0,0.5,pca,0.1,exponential,0.001,6000,gaussian,-0.75,exponential,0.1,"(20, 20)",rectangular,planar,"{'gaussian_neighborhood_sigma': 0.5, 'initialization': 'pca', 'learning_rate_0': 0.1, 'learning_rate_decay': 'exponential', 'learning_rate_n': 0.001, 'n_epochs': 6000, 'neighborhood': 'gaussian', 'radius_0': -0.75, 'radius_cooling': 'exponential', 'radius_n': 0.1, 'som_dimensions': (20, 20), 'som_grid_type': 'rectangular', 'som_topology': 'planar'}",0.9714352564637424,0.9714352564637424,0.0,74
89,632.6711347103119,0.0,0.3264641761779785,0.0,0.5,pca,0.1,exponential,0.001,6000,gaussian,-0.75,exponential,0.1,"(25, 25)",rectangular,planar,"{'gaussian_neighborhood_sigma': 0.5, 'initialization': 'pca', 'learning_rate_0': 0.1, 'learning_rate_decay': 'exponential', 'learning_rate_n': 0.001, 'n_epochs': 6000, 'neighborhood': 'gaussian', 'radius_0': -0.75, 'radius_cooling': 'exponential', 'radius_n': 0.1, 'som_dimensions': (25, 25), 'som_grid_type': 'rectangular', 'som_topology': 'planar'}",0.8638291138389008,0.8638291138389008,0.0,229
90,327.6563296318054,0.0,0.15334081649780273,0.0,0.5,pca,0.1,exponential,0.05,6000,gaussian,-0.25,exponential,0.1,"(15, 15)",rectangular,planar,"{'gaussian_neighborhood_sigma': 0.5, 'initialization': 'pca', 'learning_rate_0': 0.1, 'learning_rate_decay': 'exponential', 'learning_rate_n': 0.05, 'n_epochs': 6000, 'neighborhood': 'gaussian', 'radius_0': -0.25, 'radius_cooling': 'exponential', 'radius_n': 0.1, 'som_dimensions': (15, 15), 'som_grid_type': 'rectangular', 'som_topology': 'planar'}",0.9657342916596936,0.9657342916596936,0.0,178
91,457.1334331035614,0.0,0.234283447265625,0.0,0.5,pca,0.1,exponential,0.05,6000,gaussian,-0.25,exponential,0.1,"(20, 20)",rectangular,planar,"{'gaussian_neighborhood_sigma': 0.5, 'initialization': 'pca', 'learning_rate_0': 0.1, 'learning_rate_decay': 'exponential', 'learning_rate_n': 0.05, 'n_epochs': 6000, 'neighborhood': 'gaussian', 'radius_0': -0.25, 'radius_cooling': 'exponential', 'radius_n': 0.1, 'som_dimensions': (20, 20), 'som_grid_type': 'rectangular', 'som_topology': 'planar'}",0.9716867257670743,0.9716867257670743,0.0,61
92,598.1998398303986,0.0,0.29988551139831543,0.0,0.5,pca,0.1,exponential,0.05,6000,gaussian,-0.25,exponential,0.1,"(25, 25)",rectangular,planar,"{'gaussian_neighborhood_sigma': 0.5, 'initialization': 'pca', 'learning_rate_0': 0.1, 'learning_rate_decay': 'exponential', 'learning_rate_n': 0.05, 'n_epochs': 6000, 'neighborhood': 'gaussian', 'radius_0': -0.25, 'radius_cooling': 'exponential', 'radius_n': 0.1, 'som_dimensions': (25, 25), 'som_grid_type': 'rectangular', 'som_topology': 'planar'}",0.8639189452371118,0.8639189452371118,0.0,228
93,338.47822546958923,0.0,0.16059398651123047,0.0,0.5,pca,0.1,exponential,0.05,6000,gaussian,-0.5,exponential,0.1,"(15, 15)",rectangular,planar,"{'gaussian_neighborhood_sigma': 0.5, 'initialization': 'pca', 'learning_rate_0': 0.1, 'learning_rate_decay': 'exponential', 'learning_rate_n': 0.05, 'n_epochs': 6000, 'neighborhood': 'gaussian', 'radius_0': -0.5, 'radius_cooling': 'exponential', 'radius_n': 0.1, 'som_dimensions': (15, 15), 'som_grid_type': 'rectangular', 'som_topology': 'planar'}",0.96947510150556,0.96947510150556,0.0,125
94,474.2130596637726,0.0,0.24331450462341309,0.0,0.5,pca,0.1,exponential,0.05,6000,gaussian,-0.5,exponential,0.1,"(20, 20)",rectangular,planar,"{'gaussian_neighborhood_sigma': 0.5, 'initialization': 'pca', 'learning_rate_0': 0.1, 'learning_rate_decay': 'exponential', 'learning_rate_n': 0.05, 'n_epochs': 6000, 'neighborhood': 'gaussian', 'radius_0': -0.5, 'radius_cooling': 'exponential', 'radius_n': 0.1, 'som_dimensions': (20, 20), 'som_grid_type': 'rectangular', 'som_topology': 'planar'}",0.9699252306153304,0.9699252306153304,0.0,118
95,752.3532831668854,0.0,0.30077075958251953,0.0,0.5,pca,0.1,exponential,0.05,6000,gaussian,-0.5,exponential,0.1,"(25, 25)",rectangular,planar,"{'gaussian_neighborhood_sigma': 0.5, 'initialization': 'pca', 'learning_rate_0': 0.1, 'learning_rate_decay': 'exponential', 'learning_rate_n': 0.05, 'n_epochs': 6000, 'neighborhood': 'gaussian', 'radius_0': -0.5, 'radius_cooling': 'exponential', 'radius_n': 0.1, 'som_dimensions': (25, 25), 'som_grid_type': 'rectangular', 'som_topology': 'planar'}",0.9727447981719196,0.9727447981719196,0.0,33
96,410.6844298839569,0.0,0.15955686569213867,0.0,0.5,pca,0.1,exponential,0.05,6000,gaussian,-0.75,exponential,0.1,"(15, 15)",rectangular,planar,"{'gaussian_neighborhood_sigma': 0.5, 'initialization': 'pca', 'learning_rate_0': 0.1, 'learning_rate_decay': 'exponential', 'learning_rate_n': 0.05, 'n_epochs': 6000, 'neighborhood': 'gaussian', 'radius_0': -0.75, 'radius_cooling': 'exponential', 'radius_n': 0.1, 'som_dimensions': (15, 15), 'som_grid_type': 'rectangular', 'som_topology': 'planar'}",0.9625777286744266,0.9625777286744266,0.0,195
97,592.5879456996918,0.0,0.22136425971984863,0.0,0.5,pca,0.1,exponential,0.05,6000,gaussian,-0.75,exponential,0.1,"(20, 20)",rectangular,planar,"{'gaussian_neighborhood_sigma': 0.5, 'initialization': 'pca', 'learning_rate_0': 0.1, 'learning_rate_decay': 'exponential', 'learning_rate_n': 0.05, 'n_epochs': 6000, 'neighborhood': 'gaussian', 'radius_0': -0.75, 'radius_cooling': 'exponential', 'radius_n': 0.1, 'som_dimensions': (20, 20), 'som_grid_type': 'rectangular', 'som_topology': 'planar'}",0.9718583868933295,0.9718583868933295,0.0,56
98,789.1325268745422,0.0,0.3186466693878174,0.0,0.5,pca,0.1,exponential,0.05,6000,gaussian,-0.75,exponential,0.1,"(25, 25)",rectangular,planar,"{'gaussian_neighborhood_sigma': 0.5, 'initialization': 'pca', 'learning_rate_0': 0.1, 'learning_rate_decay': 'exponential', 'learning_rate_n': 0.05, 'n_epochs': 6000, 'neighborhood': 'gaussian', 'radius_0': -0.75, 'radius_cooling': 'exponential', 'radius_n': 0.1, 'som_dimensions': (25, 25), 'som_grid_type': 'rectangular', 'som_topology': 'planar'}",0.8642799835749512,0.8642799835749512,0.0,217
99,374.27319622039795,0.0,0.16205930709838867,0.0,0.5,pca,0.1,exponential,0.1,6000,gaussian,-0.25,exponential,0.1,"(15, 15)",rectangular,planar,"{'gaussian_neighborhood_sigma': 0.5, 'initialization': 'pca', 'learning_rate_0': 0.1, 'learning_rate_decay': 'exponential', 'learning_rate_n': 0.1, 'n_epochs': 6000, 'neighborhood': 'gaussian', 'radius_0': -0.25, 'radius_cooling': 'exponential', 'radius_n': 0.1, 'som_dimensions': (15, 15), 'som_grid_type': 'rectangular', 'som_topology': 'planar'}",0.965683071680753,0.965683071680753,0.0,182
100,556.2640953063965,0.0,0.21452713012695312,0.0,0.5,pca,0.1,exponential,0.1,6000,gaussian,-0.25,exponential,0.1,"(20, 20)",rectangular,planar,"{'gaussian_neighborhood_sigma': 0.5, 'initialization': 'pca', 'learning_rate_0': 0.1, 'learning_rate_decay': 'exponential', 'learning_rate_n': 0.1, 'n_epochs': 6000, 'neighborhood': 'gaussian', 'radius_0': -0.25, 'radius_cooling': 'exponential', 'radius_n': 0.1, 'som_dimensions': (20, 20), 'som_grid_type': 'rectangular', 'som_topology': 'planar'}",0.9716793332482445,0.9716793332482445,0.0,62
101,745.2911047935486,0.0,0.2988014221191406,0.0,0.5,pca,0.1,exponential,0.1,6000,gaussian,-0.25,exponential,0.1,"(25, 25)",rectangular,planar,"{'gaussian_neighborhood_sigma': 0.5, 'initialization': 'pca', 'learning_rate_0': 0.1, 'learning_rate_decay': 'exponential', 'learning_rate_n': 0.1, 'n_epochs': 6000, 'neighborhood': 'gaussian', 'radius_0': -0.25, 'radius_cooling': 'exponential', 'radius_n': 0.1, 'som_dimensions': (25, 25), 'som_grid_type': 'rectangular', 'som_topology': 'planar'}",0.8648642899661232,0.8648642899661232,0.0,211
102,403.8895311355591,0.0,0.16007328033447266,0.0,0.5,pca,0.1,exponential,0.1,6000,gaussian,-0.5,exponential,0.1,"(15, 15)",rectangular,planar,"{'gaussian_neighborhood_sigma': 0.5, 'initialization': 'pca', 'learning_rate_0': 0.1, 'learning_rate_decay': 'exponential', 'learning_rate_n': 0.1, 'n_epochs': 6000, 'neighborhood': 'gaussian', 'radius_0': -0.5, 'radius_cooling': 'exponential', 'radius_n': 0.1, 'som_dimensions': (15, 15), 'som_grid_type': 'rectangular', 'som_topology': 'planar'}",0.9667091147719657,0.9667091147719657,0.0,161
103,566.1660649776459,0.0,0.22922873497009277,0.0,0.5,pca,0.1,exponential,0.1,6000,gaussian,-0.5,exponential,0.1,"(20, 20)",rectangular,planar,"{'gaussian_neighborhood_sigma': 0.5, 'initialization': 'pca', 'learning_rate_0': 0.1, 'learning_rate_decay': 'exponential', 'learning_rate_n': 0.1, 'n_epochs': 6000, 'neighborhood': 'gaussian', 'radius_0': -0.5, 'radius_cooling': 'exponential', 'radius_n': 0.1, 'som_dimensions': (20, 20), 'som_grid_type': 'rectangular', 'som_topology': 'planar'}",0.9679493991735646,0.9679493991735646,0.0,146
104,790.4929571151733,0.0,0.2949683666229248,0.0,0.5,pca,0.1,exponential,0.1,6000,gaussian,-0.5,exponential,0.1,"(25, 25)",rectangular,planar,"{'gaussian_neighborhood_sigma': 0.5, 'initialization': 'pca', 'learning_rate_0': 0.1, 'learning_rate_decay': 'exponential', 'learning_rate_n': 0.1, 'n_epochs': 6000, 'neighborhood': 'gaussian', 'radius_0': -0.5, 'radius_cooling': 'exponential', 'radius_n': 0.1, 'som_dimensions': (25, 25), 'som_grid_type': 'rectangular', 'som_topology': 'planar'}",0.9723339910067104,0.9723339910067104,0.0,43
105,424.19470286369324,0.0,0.1542973518371582,0.0,0.5,pca,0.1,exponential,0.1,6000,gaussian,-0.75,exponential,0.1,"(15, 15)",rectangular,planar,"{'gaussian_neighborhood_sigma': 0.5, 'initialization': 'pca', 'learning_rate_0': 0.1, 'learning_rate_decay': 'exponential', 'learning_rate_n': 0.1, 'n_epochs': 6000, 'neighborhood': 'gaussian', 'radius_0': -0.75, 'radius_cooling': 'exponential', 'radius_n': 0.1, 'som_dimensions': (15, 15), 'som_grid_type': 'rectangular', 'som_topology': 'planar'}",0.9623891979060841,0.9623891979060841,0.0,197
106,581.5893902778625,0.0,0.22754335403442383,0.0,0.5,pca,0.1,exponential,0.1,6000,gaussian,-0.75,exponential,0.1,"(20, 20)",rectangular,planar,"{'gaussian_neighborhood_sigma': 0.5, 'initialization': 'pca', 'learning_rate_0': 0.1, 'learning_rate_decay': 'exponential', 'learning_rate_n': 0.1, 'n_epochs': 6000, 'neighborhood': 'gaussian', 'radius_0': -0.75, 'radius_cooling': 'exponential', 'radius_n': 0.1, 'som_dimensions': (20, 20), 'som_grid_type': 'rectangular', 'som_topology': 'planar'}",0.971472625679711,0.971472625679711,0.0,72
107,781.9588718414307,0.0,0.2985525131225586,0.0,0.5,pca,0.1,exponential,0.1,6000,gaussian,-0.75,exponential,0.1,"(25, 25)",rectangular,planar,"{'gaussian_neighborhood_sigma': 0.5, 'initialization': 'pca', 'learning_rate_0': 0.1, 'learning_rate_decay': 'exponential', 'learning_rate_n': 0.1, 'n_epochs': 6000, 'neighborhood': 'gaussian', 'radius_0': -0.75, 'radius_cooling': 'exponential', 'radius_n': 0.1, 'som_dimensions': (25, 25), 'som_grid_type': 'rectangular', 'som_topology': 'planar'}",0.8635229573500174,0.8635229573500174,0.0,235
108,377.99546575546265,0.0,0.17390751838684082,0.0,0.5,pca,0.5,exponential,0.001,6000,gaussian,-0.25,exponential,0.1,"(15, 15)",rectangular,planar,"{'gaussian_neighborhood_sigma': 0.5, 'initialization': 'pca', 'learning_rate_0': 0.5, 'learning_rate_decay': 'exponential', 'learning_rate_n': 0.001, 'n_epochs': 6000, 'neighborhood': 'gaussian', 'radius_0': -0.25, 'radius_cooling': 'exponential', 'radius_n': 0.1, 'som_dimensions': (15, 15), 'som_grid_type': 'rectangular', 'som_topology': 'planar'}",0.9635310148862926,0.9635310148862926,0.0,191
109,526.0403568744659,0.0,0.2206430435180664,0.0,0.5,pca,0.5,exponential,0.001,6000,gaussian,-0.25,exponential,0.1,"(20, 20)",rectangular,planar,"{'gaussian_neighborhood_sigma': 0.5, 'initialization': 'pca', 'learning_rate_0': 0.5, 'learning_rate_decay': 'exponential', 'learning_rate_n': 0.001, 'n_epochs': 6000, 'neighborhood': 'gaussian', 'radius_0': -0.25, 'radius_cooling': 'exponential', 'radius_n': 0.1, 'som_dimensions': (20, 20), 'som_grid_type': 'rectangular', 'som_topology': 'planar'}",0.9711862816526324,0.9711862816526324,0.0,85
110,719.7818279266357,0.0,0.30559778213500977,0.0,0.5,pca,0.5,exponential,0.001,6000,gaussian,-0.25,exponential,0.1,"(25, 25)",rectangular,planar,"{'gaussian_neighborhood_sigma': 0.5, 'initialization': 'pca', 'learning_rate_0': 0.5, 'learning_rate_decay': 'exponential', 'learning_rate_n': 0.001, 'n_epochs': 6000, 'neighborhood': 'gaussian', 'radius_0': -0.25, 'radius_cooling': 'exponential', 'radius_n': 0.1, 'som_dimensions': (25, 25), 'som_grid_type': 'rectangular', 'som_topology': 'planar'}",0.9724783645168453,0.9724783645168453,0.0,39
111,379.49014496803284,0.0,0.15664148330688477,0.0,0.5,pca,0.5,exponential,0.001,6000,gaussian,-0.5,exponential,0.1,"(15, 15)",rectangular,planar,"{'gaussian_neighborhood_sigma': 0.5, 'initialization': 'pca', 'learning_rate_0': 0.5, 'learning_rate_decay': 'exponential', 'learning_rate_n': 0.001, 'n_epochs': 6000, 'neighborhood': 'gaussian', 'radius_0': -0.5, 'radius_cooling': 'exponential', 'radius_n': 0.1, 'som_dimensions': (15, 15), 'som_grid_type': 'rectangular', 'som_topology': 'planar'}",0.9677007534075599,0.9677007534075599,0.0,148
112,562.3410897254944,0.0,0.2266237735748291,0.0,0.5,pca,0.5,exponential,0.001,6000,gaussian,-0.5,exponential,0.1,"(20, 20)",rectangular,planar,"{'gaussian_neighborhood_sigma': 0.5, 'initialization': 'pca', 'learning_rate_0': 0.5, 'learning_rate_decay': 'exponential', 'learning_rate_n': 0.001, 'n_epochs': 6000, 'neighborhood': 'gaussian', 'radius_0': -0.5, 'radius_cooling': 'exponential', 'radius_n': 0.1, 'som_dimensions': (20, 20), 'som_grid_type': 'rectangular', 'som_topology': 'planar'}",0.9699553142424245,0.9699553142424245,0.0,117
113,771.9531936645508,0.0,0.31258344650268555,0.0,0.5,pca,0.5,exponential,0.001,6000,gaussian,-0.5,exponential,0.1,"(25, 25)",rectangular,planar,"{'gaussian_neighborhood_sigma': 0.5, 'initialization': 'pca', 'learning_rate_0': 0.5, 'learning_rate_decay': 'exponential', 'learning_rate_n': 0.001, 'n_epochs': 6000, 'neighborhood': 'gaussian', 'radius_0': -0.5, 'radius_cooling': 'exponential', 'radius_n': 0.1, 'som_dimensions': (25, 25), 'som_grid_type': 'rectangular', 'som_topology': 'planar'}",0.9732438620418662,0.9732438620418662,0.0,20
114,408.4762101173401,0.0,0.17484307289123535,0.0,0.5,pca,0.5,exponential,0.001,6000,gaussian,-0.75,exponential,0.1,"(15, 15)",rectangular,planar,"{'gaussian_neighborhood_sigma': 0.5, 'initialization': 'pca', 'learning_rate_0': 0.5, 'learning_rate_decay': 'exponential', 'learning_rate_n': 0.001, 'n_epochs': 6000, 'neighborhood': 'gaussian', 'radius_0': -0.75, 'radius_cooling': 'exponential', 'radius_n': 0.1, 'som_dimensions': (15, 15), 'som_grid_type': 'rectangular', 'som_topology': 'planar'}",0.9714261739739434,0.9714261739739434,0.0,77
115,589.4503004550934,0.0,0.2280871868133545,0.0,0.5,pca,0.5,exponential,0.001,6000,gaussian,-0.75,exponential,0.1,"(20, 20)",rectangular,planar,"{'gaussian_neighborhood_sigma': 0.5, 'initialization': 'pca', 'learning_rate_0': 0.5, 'learning_rate_decay': 'exponential', 'learning_rate_n': 0.001, 'n_epochs': 6000, 'neighborhood': 'gaussian', 'radius_0': -0.75, 'radius_cooling': 'exponential', 'radius_n': 0.1, 'som_dimensions': (20, 20), 'som_grid_type': 'rectangular', 'som_topology': 'planar'}",0.9716608704383429,0.9716608704383429,0.0,63
116,789.3701260089874,0.0,0.30376577377319336,0.0,0.5,pca,0.5,exponential,0.001,6000,gaussian,-0.75,exponential,0.1,"(25, 25)",rectangular,planar,"{'gaussian_neighborhood_sigma': 0.5, 'initialization': 'pca', 'learning_rate_0': 0.5, 'learning_rate_decay': 'exponential', 'learning_rate_n': 0.001, 'n_epochs': 6000, 'neighborhood': 'gaussian', 'radius_0': -0.75, 'radius_cooling': 'exponential', 'radius_n': 0.1, 'som_dimensions': (25, 25), 'som_grid_type': 'rectangular', 'som_topology': 'planar'}",0.9739950553568508,0.9739950553568508,0.0,4
117,371.892117023468,0.0,0.17386126518249512,0.0,0.5,pca,0.5,exponential,0.05,6000,gaussian,-0.25,exponential,0.1,"(15, 15)",rectangular,planar,"{'gaussian_neighborhood_sigma': 0.5, 'initialization': 'pca', 'learning_rate_0': 0.5, 'learning_rate_decay': 'exponential', 'learning_rate_n': 0.05, 'n_epochs': 6000, 'neighborhood': 'gaussian', 'radius_0': -0.25, 'radius_cooling': 'exponential', 'radius_n': 0.1, 'som_dimensions': (15, 15), 'som_grid_type': 'rectangular', 'som_topology': 'planar'}",0.96554851800784,0.96554851800784,0.0,185
118,547.829665184021,0.0,0.22144651412963867,0.0,0.5,pca,0.5,exponential,0.05,6000,gaussian,-0.25,exponential,0.1,"(20, 20)",rectangular,planar,"{'gaussian_neighborhood_sigma': 0.5, 'initialization': 'pca', 'learning_rate_0': 0.5, 'learning_rate_decay': 'exponential', 'learning_rate_n': 0.05, 'n_epochs': 6000, 'neighborhood': 'gaussian', 'radius_0': -0.25, 'radius_cooling': 'exponential', 'radius_n': 0.1, 'som_dimensions': (20, 20), 'som_grid_type': 'rectangular', 'som_topology': 'planar'}",0.9666666254084901,0.9666666254084901,0.0,162
119,744.3441457748413,0.0,0.30126452445983887,0.0,0.5,pca,0.5,exponential,0.05,6000,gaussian,-0.25,exponential,0.1,"(25, 25)",rectangular,planar,"{'gaussian_neighborhood_sigma': 0.5, 'initialization': 'pca', 'learning_rate_0': 0.5, 'learning_rate_decay': 'exponential', 'learning_rate_n': 0.05, 'n_epochs': 6000, 'neighborhood': 'gaussian', 'radius_0': -0.25, 'radius_cooling': 'exponential', 'radius_n': 0.1, 'som_dimensions': (25, 25), 'som_grid_type': 'rectangular', 'som_topology': 'planar'}",0.8645102634708947,0.8645102634708947,0.0,215
120,389.82910656929016,0.0,0.16671514511108398,0.0,0.5,pca,0.5,exponential,0.05,6000,gaussian,-0.5,exponential,0.1,"(15, 15)",rectangular,planar,"{'gaussian_neighborhood_sigma': 0.5, 'initialization': 'pca', 'learning_rate_0': 0.5, 'learning_rate_decay': 'exponential', 'learning_rate_n': 0.05, 'n_epochs': 6000, 'neighborhood': 'gaussian', 'radius_0': -0.5, 'radius_cooling': 'exponential', 'radius_n': 0.1, 'som_dimensions': (15, 15), 'som_grid_type': 'rectangular', 'som_topology': 'planar'}",0.9667693602533138,0.9667693602533138,0.0,159
121,564.206702709198,0.0,0.22394108772277832,0.0,0.5,pca,0.5,exponential,0.05,6000,gaussian,-0.5,exponential,0.1,"(20, 20)",rectangular,planar,"{'gaussian_neighborhood_sigma': 0.5, 'initialization': 'pca', 'learning_rate_0': 0.5, 'learning_rate_decay': 'exponential', 'learning_rate_n': 0.05, 'n_epochs': 6000, 'neighborhood': 'gaussian', 'radius_0': -0.5, 'radius_cooling': 'exponential', 'radius_n': 0.1, 'som_dimensions': (20, 20), 'som_grid_type': 'rectangular', 'som_topology': 'planar'}",0.9688739429676814,0.9688739429676814,0.0,137
122,762.2443351745605,0.0,0.3031747341156006,0.0,0.5,pca,0.5,exponential,0.05,6000,gaussian,-0.5,exponential,0.1,"(25, 25)",rectangular,planar,"{'gaussian_neighborhood_sigma': 0.5, 'initialization': 'pca', 'learning_rate_0': 0.5, 'learning_rate_decay': 'exponential', 'learning_rate_n': 0.05, 'n_epochs': 6000, 'neighborhood': 'gaussian', 'radius_0': -0.5, 'radius_cooling': 'exponential', 'radius_n': 0.1, 'som_dimensions': (25, 25), 'som_grid_type': 'rectangular', 'som_topology': 'planar'}",0.9735351007039139,0.9735351007039139,0.0,11
123,413.4056005477905,0.0,0.15091490745544434,0.0,0.5,pca,0.5,exponential,0.05,6000,gaussian,-0.75,exponential,0.1,"(15, 15)",rectangular,planar,"{'gaussian_neighborhood_sigma': 0.5, 'initialization': 'pca', 'learning_rate_0': 0.5, 'learning_rate_decay': 'exponential', 'learning_rate_n': 0.05, 'n_epochs': 6000, 'neighborhood': 'gaussian', 'radius_0': -0.75, 'radius_cooling': 'exponential', 'radius_n': 0.1, 'som_dimensions': (15, 15), 'som_grid_type': 'rectangular', 'som_topology': 'planar'}",0.9656865423121892,0.9656865423121892,0.0,180
124,569.6569316387177,0.0,0.22306394577026367,0.0,0.5,pca,0.5,exponential,0.05,6000,gaussian,-0.75,exponential,0.1,"(20, 20)",rectangular,planar,"{'gaussian_neighborhood_sigma': 0.5, 'initialization': 'pca', 'learning_rate_0': 0.5, 'learning_rate_decay': 'exponential', 'learning_rate_n': 0.05, 'n_epochs': 6000, 'neighborhood': 'gaussian', 'radius_0': -0.75, 'radius_cooling': 'exponential', 'radius_n': 0.1, 'som_dimensions': (20, 20), 'som_grid_type': 'rectangular', 'som_topology': 'planar'}",0.9712805176609356,0.9712805176609356,0.0,81
125,788.0473990440369,0.0,0.32327938079833984,0.0,0.5,pca,0.5,exponential,0.05,6000,gaussian,-0.75,exponential,0.1,"(25, 25)",rectangular,planar,"{'gaussian_neighborhood_sigma': 0.5, 'initialization': 'pca', 'learning_rate_0': 0.5, 'learning_rate_decay': 'exponential', 'learning_rate_n': 0.05, 'n_epochs': 6000, 'neighborhood': 'gaussian', 'radius_0': -0.75, 'radius_cooling': 'exponential', 'radius_n': 0.1, 'som_dimensions': (25, 25), 'som_grid_type': 'rectangular', 'som_topology': 'planar'}",0.8637374713808854,0.8637374713808854,0.0,232
126,372.34152388572693,0.0,0.1499640941619873,0.0,0.5,pca,0.5,exponential,0.1,6000,gaussian,-0.25,exponential,0.1,"(15, 15)",rectangular,planar,"{'gaussian_neighborhood_sigma': 0.5, 'initialization': 'pca', 'learning_rate_0': 0.5, 'learning_rate_decay': 'exponential', 'learning_rate_n': 0.1, 'n_epochs': 6000, 'neighborhood': 'gaussian', 'radius_0': -0.25, 'radius_cooling': 'exponential', 'radius_n': 0.1, 'som_dimensions': (15, 15), 'som_grid_type': 'rectangular', 'som_topology': 'planar'}",0.9656455604444023,0.9656455604444023,0.0,183
127,560.9740772247314,0.0,0.23558545112609863,0.0,0.5,pca,0.5,exponential,0.1,6000,gaussian,-0.25,exponential,0.1,"(20, 20)",rectangular,planar,"{'gaussian_neighborhood_sigma': 0.5, 'initialization': 'pca', 'learning_rate_0': 0.5, 'learning_rate_decay': 'exponential', 'learning_rate_n': 0.1, 'n_epochs': 6000, 'neighborhood': 'gaussian', 'radius_0': -0.25, 'radius_cooling': 'exponential', 'radius_n': 0.1, 'som_dimensions': (20, 20), 'som_grid_type': 'rectangular', 'som_topology': 'planar'}",0.971295088225139,0.971295088225139,0.0,80
128,725.2878270149231,0.0,0.310666561126709,0.0,0.5,pca,0.5,exponential,0.1,6000,gaussian,-0.25,exponential,0.1,"(25, 25)",rectangular,planar,"{'gaussian_neighborhood_sigma': 0.5, 'initialization': 'pca', 'learning_rate_0': 0.5, 'learning_rate_decay': 'exponential', 'learning_rate_n': 0.1, 'n_epochs': 6000, 'neighborhood': 'gaussian', 'radius_0': -0.25, 'radius_cooling': 'exponential', 'radius_n': 0.1, 'som_dimensions': (25, 25), 'som_grid_type': 'rectangular', 'som_topology': 'planar'}",0.8639996315334416,0.8639996315334416,0.0,227
129,394.41746187210083,0.0,0.16603970527648926,0.0,0.5,pca,0.5,exponential,0.1,6000,gaussian,-0.5,exponential,0.1,"(15, 15)",rectangular,planar,"{'gaussian_neighborhood_sigma': 0.5, 'initialization': 'pca', 'learning_rate_0': 0.5, 'learning_rate_decay': 'exponential', 'learning_rate_n': 0.1, 'n_epochs': 6000, 'neighborhood': 'gaussian', 'radius_0': -0.5, 'radius_cooling': 'exponential', 'radius_n': 0.1, 'som_dimensions': (15, 15), 'som_grid_type': 'rectangular', 'som_topology': 'planar'}",0.9689833804198378,0.9689833804198378,0.0,134
130,569.3072416782379,0.0,0.2216651439666748,0.0,0.5,pca,0.5,exponential,0.1,6000,gaussian,-0.5,exponential,0.1,"(20, 20)",rectangular,planar,"{'gaussian_neighborhood_sigma': 0.5, 'initialization': 'pca', 'learning_rate_0': 0.5, 'learning_rate_decay': 'exponential', 'learning_rate_n': 0.1, 'n_epochs': 6000, 'neighborhood': 'gaussian', 'radius_0': -0.5, 'radius_cooling': 'exponential', 'radius_n': 0.1, 'som_dimensions': (20, 20), 'som_grid_type': 'rectangular', 'som_topology': 'planar'}",0.9721530662362445,0.9721530662362445,0.0,47
131,774.429101228714,0.0,0.3359377384185791,0.0,0.5,pca,0.5,exponential,0.1,6000,gaussian,-0.5,exponential,0.1,"(25, 25)",rectangular,planar,"{'gaussian_neighborhood_sigma': 0.5, 'initialization': 'pca', 'learning_rate_0': 0.5, 'learning_rate_decay': 'exponential', 'learning_rate_n': 0.1, 'n_epochs': 6000, 'neighborhood': 'gaussian', 'radius_0': -0.5, 'radius_cooling': 'exponential', 'radius_n': 0.1, 'som_dimensions': (25, 25), 'som_grid_type': 'rectangular', 'som_topology': 'planar'}",0.864266857201335,0.864266857201335,0.0,218
132,376.5903785228729,0.0,0.15411996841430664,0.0,0.5,pca,0.5,exponential,0.1,6000,gaussian,-0.75,exponential,0.1,"(15, 15)",rectangular,planar,"{'gaussian_neighborhood_sigma': 0.5, 'initialization': 'pca', 'learning_rate_0': 0.5, 'learning_rate_decay': 'exponential', 'learning_rate_n': 0.1, 'n_epochs': 6000, 'neighborhood': 'gaussian', 'radius_0': -0.75, 'radius_cooling': 'exponential', 'radius_n': 0.1, 'som_dimensions': (15, 15), 'som_grid_type': 'rectangular', 'som_topology': 'planar'}",0.9657744014359602,0.9657744014359602,0.0,176
133,491.86094093322754,0.0,0.21979379653930664,0.0,0.5,pca,0.5,exponential,0.1,6000,gaussian,-0.75,exponential,0.1,"(20, 20)",rectangular,planar,"{'gaussian_neighborhood_sigma': 0.5, 'initialization': 'pca', 'learning_rate_0': 0.5, 'learning_rate_decay': 'exponential', 'learning_rate_n': 0.1, 'n_epochs': 6000, 'neighborhood': 'gaussian', 'radius_0': -0.75, 'radius_cooling': 'exponential', 'radius_n': 0.1, 'som_dimensions': (20, 20), 'som_grid_type': 'rectangular', 'som_topology': 'planar'}",0.9716499270807757,0.9716499270807757,0.0,64
134,630.6231338977814,0.0,0.3025519847869873,0.0,0.5,pca,0.5,exponential,0.1,6000,gaussian,-0.75,exponential,0.1,"(25, 25)",rectangular,planar,"{'gaussian_neighborhood_sigma': 0.5, 'initialization': 'pca', 'learning_rate_0': 0.5, 'learning_rate_decay': 'exponential', 'learning_rate_n': 0.1, 'n_epochs': 6000, 'neighborhood': 'gaussian', 'radius_0': -0.75, 'radius_cooling': 'exponential', 'radius_n': 0.1, 'som_dimensions': (25, 25), 'som_grid_type': 'rectangular', 'som_topology': 'planar'}",0.8642006690157138,0.8642006690157138,0.0,221
135,323.21424078941345,0.0,0.16102361679077148,0.0,0.5,pca,1.0,exponential,0.001,6000,gaussian,-0.25,exponential,0.1,"(15, 15)",rectangular,planar,"{'gaussian_neighborhood_sigma': 0.5, 'initialization': 'pca', 'learning_rate_0': 1.0, 'learning_rate_decay': 'exponential', 'learning_rate_n': 0.001, 'n_epochs': 6000, 'neighborhood': 'gaussian', 'radius_0': -0.25, 'radius_cooling': 'exponential', 'radius_n': 0.1, 'som_dimensions': (15, 15), 'som_grid_type': 'rectangular', 'som_topology': 'planar'}",0.9657876324015736,0.9657876324015736,0.0,175
136,455.65913558006287,0.0,0.21956276893615723,0.0,0.5,pca,1.0,exponential,0.001,6000,gaussian,-0.25,exponential,0.1,"(20, 20)",rectangular,planar,"{'gaussian_neighborhood_sigma': 0.5, 'initialization': 'pca', 'learning_rate_0': 1.0, 'learning_rate_decay': 'exponential', 'learning_rate_n': 0.001, 'n_epochs': 6000, 'neighborhood': 'gaussian', 'radius_0': -0.25, 'radius_cooling': 'exponential', 'radius_n': 0.1, 'som_dimensions': (20, 20), 'som_grid_type': 'rectangular', 'som_topology': 'planar'}",0.9712097386800088,0.9712097386800088,0.0,84
137,600.3387341499329,0.0,0.31432580947875977,0.0,0.5,pca,1.0,exponential,0.001,6000,gaussian,-0.25,exponential,0.1,"(25, 25)",rectangular,planar,"{'gaussian_neighborhood_sigma': 0.5, 'initialization': 'pca', 'learning_rate_0': 1.0, 'learning_rate_decay': 'exponential', 'learning_rate_n': 0.001, 'n_epochs': 6000, 'neighborhood': 'gaussian', 'radius_0': -0.25, 'radius_cooling': 'exponential', 'radius_n': 0.1, 'som_dimensions': (25, 25), 'som_grid_type': 'rectangular', 'som_topology': 'planar'}",0.8637799600672014,0.8637799600672014,0.0,231
138,337.8294641971588,0.0,0.1525731086730957,0.0,0.5,pca,1.0,exponential,0.001,6000,gaussian,-0.5,exponential,0.1,"(15, 15)",rectangular,planar,"{'gaussian_neighborhood_sigma': 0.5, 'initialization': 'pca', 'learning_rate_0': 1.0, 'learning_rate_decay': 'exponential', 'learning_rate_n': 0.001, 'n_epochs': 6000, 'neighborhood': 'gaussian', 'radius_0': -0.5, 'radius_cooling': 'exponential', 'radius_n': 0.1, 'som_dimensions': (15, 15), 'som_grid_type': 'rectangular', 'som_topology': 'planar'}",0.9683430455621104,0.9683430455621104,0.0,142
139,489.58055210113525,0.0,0.22583293914794922,0.0,0.5,pca,1.0,exponential,0.001,6000,gaussian,-0.5,exponential,0.1,"(20, 20)",rectangular,planar,"{'gaussian_neighborhood_sigma': 0.5, 'initialization': 'pca', 'learning_rate_0': 1.0, 'learning_rate_decay': 'exponential', 'learning_rate_n': 0.001, 'n_epochs': 6000, 'neighborhood': 'gaussian', 'radius_0': -0.5, 'radius_cooling': 'exponential', 'radius_n': 0.1, 'som_dimensions': (20, 20), 'som_grid_type': 'rectangular', 'som_topology': 'planar'}",0.969810355663701,0.969810355663701,0.0,123
140,652.1151955127716,0.0,0.2956855297088623,0.0,0.5,pca,1.0,exponential,0.001,6000,gaussian,-0.5,exponential,0.1,"(25, 25)",rectangular,planar,"{'gaussian_neighborhood_sigma': 0.5, 'initialization': 'pca', 'learning_rate_0': 1.0, 'learning_rate_decay': 'exponential', 'learning_rate_n': 0.001, 'n_epochs': 6000, 'neighborhood': 'gaussian', 'radius_0': -0.5, 'radius_cooling': 'exponential', 'radius_n': 0.1, 'som_dimensions': (25, 25), 'som_grid_type': 'rectangular', 'som_topology': 'planar'}",0.9732459773558947,0.9732459773558947,0.0,19
141,352.3405923843384,0.0,0.1620349884033203,0.0,0.5,pca,1.0,exponential,0.001,6000,gaussian,-0.75,exponential,0.1,"(15, 15)",rectangular,planar,"{'gaussian_neighborhood_sigma': 0.5, 'initialization': 'pca', 'learning_rate_0': 1.0, 'learning_rate_decay': 'exponential', 'learning_rate_n': 0.001, 'n_epochs': 6000, 'neighborhood': 'gaussian', 'radius_0': -0.75, 'radius_cooling': 'exponential', 'radius_n': 0.1, 'som_dimensions': (15, 15), 'som_grid_type': 'rectangular', 'som_topology': 'planar'}",0.9626376150477555,0.9626376150477555,0.0,194
142,489.3768484592438,0.0,0.22156810760498047,0.0,0.5,pca,1.0,exponential,0.001,6000,gaussian,-0.75,exponential,0.1,"(20, 20)",rectangular,planar,"{'gaussian_neighborhood_sigma': 0.5, 'initialization': 'pca', 'learning_rate_0': 1.0, 'learning_rate_decay': 'exponential', 'learning_rate_n': 0.001, 'n_epochs': 6000, 'neighborhood': 'gaussian', 'radius_0': -0.75, 'radius_cooling': 'exponential', 'radius_n': 0.1, 'som_dimensions': (20, 20), 'som_grid_type': 'rectangular', 'som_topology': 'planar'}",0.9709793373669228,0.9709793373669228,0.0,91
143,633.949193239212,0.0,0.3123457431793213,0.0,0.5,pca,1.0,exponential,0.001,6000,gaussian,-0.75,exponential,0.1,"(25, 25)",rectangular,planar,"{'gaussian_neighborhood_sigma': 0.5, 'initialization': 'pca', 'learning_rate_0': 1.0, 'learning_rate_decay': 'exponential', 'learning_rate_n': 0.001, 'n_epochs': 6000, 'neighborhood': 'gaussian', 'radius_0': -0.75, 'radius_cooling': 'exponential', 'radius_n': 0.1, 'som_dimensions': (25, 25), 'som_grid_type': 'rectangular', 'som_topology': 'planar'}",0.8641588231358548,0.8641588231358548,0.0,223
144,329.2450008392334,0.0,0.15455031394958496,0.0,0.5,pca,1.0,exponential,0.05,6000,gaussian,-0.25,exponential,0.1,"(15, 15)",rectangular,planar,"{'gaussian_neighborhood_sigma': 0.5, 'initialization': 'pca', 'learning_rate_0': 1.0, 'learning_rate_decay': 'exponential', 'learning_rate_n': 0.05, 'n_epochs': 6000, 'neighborhood': 'gaussian', 'radius_0': -0.25, 'radius_cooling': 'exponential', 'radius_n': 0.1, 'som_dimensions': (15, 15), 'som_grid_type': 'rectangular', 'som_topology': 'planar'}",0.9659135689769761,0.9659135689769761,0.0,172
145,461.94796442985535,0.0,0.2275993824005127,0.0,0.5,pca,1.0,exponential,0.05,6000,gaussian,-0.25,exponential,0.1,"(20, 20)",rectangular,planar,"{'gaussian_neighborhood_sigma': 0.5, 'initialization': 'pca', 'learning_rate_0': 1.0, 'learning_rate_decay': 'exponential', 'learning_rate_n': 0.05, 'n_epochs': 6000, 'neighborhood': 'gaussian', 'radius_0': -0.25, 'radius_cooling': 'exponential', 'radius_n': 0.1, 'som_dimensions': (20, 20), 'som_grid_type': 'rectangular', 'som_topology': 'planar'}",0.9714270087574979,0.9714270087574979,0.0,76
146,597.3040657043457,0.0,0.2996938228607178,0.0,0.5,pca,1.0,exponential,0.05,6000,gaussian,-0.25,exponential,0.1,"(25, 25)",rectangular,planar,"{'gaussian_neighborhood_sigma': 0.5, 'initialization': 'pca', 'learning_rate_0': 1.0, 'learning_rate_decay': 'exponential', 'learning_rate_n': 0.05, 'n_epochs': 6000, 'neighborhood': 'gaussian', 'radius_0': -0.25, 'radius_cooling': 'exponential', 'radius_n': 0.1, 'som_dimensions': (25, 25), 'som_grid_type': 'rectangular', 'som_topology': 'planar'}",0.8646128274469812,0.8646128274469812,0.0,213
147,340.9391372203827,0.0,0.17597007751464844,0.0,0.5,pca,1.0,exponential,0.05,6000,gaussian,-0.5,exponential,0.1,"(15, 15)",rectangular,planar,"{'gaussian_neighborhood_sigma': 0.5, 'initialization': 'pca', 'learning_rate_0': 1.0, 'learning_rate_decay': 'exponential', 'learning_rate_n': 0.05, 'n_epochs': 6000, 'neighborhood': 'gaussian', 'radius_0': -0.5, 'radius_cooling': 'exponential', 'radius_n': 0.1, 'som_dimensions': (15, 15), 'som_grid_type': 'rectangular', 'som_topology': 'planar'}",0.9670205085586292,0.9670205085586292,0.0,155
148,473.1076452732086,0.0,0.24285197257995605,0.0,0.5,pca,1.0,exponential,0.05,6000,gaussian,-0.5,exponential,0.1,"(20, 20)",rectangular,planar,"{'gaussian_neighborhood_sigma': 0.5, 'initialization': 'pca', 'learning_rate_0': 1.0, 'learning_rate_decay': 'exponential', 'learning_rate_n': 0.05, 'n_epochs': 6000, 'neighborhood': 'gaussian', 'radius_0': -0.5, 'radius_cooling': 'exponential', 'radius_n': 0.1, 'som_dimensions': (20, 20), 'som_grid_type': 'rectangular', 'som_topology': 'planar'}",0.9693269012056182,0.9693269012056182,0.0,127
149,614.1818325519562,0.0,0.2980198860168457,0.0,0.5,pca,1.0,exponential,0.05,6000,gaussian,-0.5,exponential,0.1,"(25, 25)",rectangular,planar,"{'gaussian_neighborhood_sigma': 0.5, 'initialization': 'pca', 'learning_rate_0': 1.0, 'learning_rate_decay': 'exponential', 'learning_rate_n': 0.05, 'n_epochs': 6000, 'neighborhood': 'gaussian', 'radius_0': -0.5, 'radius_cooling': 'exponential', 'radius_n': 0.1, 'som_dimensions': (25, 25), 'som_grid_type': 'rectangular', 'som_topology': 'planar'}",0.9726556106782192,0.9726556106782192,0.0,36
150,348.4577043056488,0.0,0.15366053581237793,0.0,0.5,pca,1.0,exponential,0.05,6000,gaussian,-0.75,exponential,0.1,"(15, 15)",rectangular,planar,"{'gaussian_neighborhood_sigma': 0.5, 'initialization': 'pca', 'learning_rate_0': 1.0, 'learning_rate_decay': 'exponential', 'learning_rate_n': 0.05, 'n_epochs': 6000, 'neighborhood': 'gaussian', 'radius_0': -0.75, 'radius_cooling': 'exponential', 'radius_n': 0.1, 'som_dimensions': (15, 15), 'som_grid_type': 'rectangular', 'som_topology': 'planar'}",0.9657426480247394,0.9657426480247394,0.0,177
151,491.4821774959564,0.0,0.22327160835266113,0.0,0.5,pca,1.0,exponential,0.05,6000,gaussian,-0.75,exponential,0.1,"(20, 20)",rectangular,planar,"{'gaussian_neighborhood_sigma': 0.5, 'initialization': 'pca', 'learning_rate_0': 1.0, 'learning_rate_decay': 'exponential', 'learning_rate_n': 0.05, 'n_epochs': 6000, 'neighborhood': 'gaussian', 'radius_0': -0.75, 'radius_cooling': 'exponential', 'radius_n': 0.1, 'som_dimensions': (20, 20), 'som_grid_type': 'rectangular', 'som_topology': 'planar'}",0.9710541284649129,0.9710541284649129,0.0,87
152,715.1220304965973,0.0,0.295320987701416,0.0,0.5,pca,1.0,exponential,0.05,6000,gaussian,-0.75,exponential,0.1,"(25, 25)",rectangular,planar,"{'gaussian_neighborhood_sigma': 0.5, 'initialization': 'pca', 'learning_rate_0': 1.0, 'learning_rate_decay': 'exponential', 'learning_rate_n': 0.05, 'n_epochs': 6000, 'neighborhood': 'gaussian', 'radius_0': -0.75, 'radius_cooling': 'exponential', 'radius_n': 0.1, 'som_dimensions': (25, 25), 'som_grid_type': 'rectangular', 'som_topology': 'planar'}",0.8633494647655556,0.8633494647655556,0.0,237
153,328.3344795703888,0.0,0.16786789894104004,0.0,0.5,pca,1.0,exponential,0.1,6000,gaussian,-0.25,exponential,0.1,"(15, 15)",rectangular,planar,"{'gaussian_neighborhood_sigma': 0.5, 'initialization': 'pca', 'learning_rate_0': 1.0, 'learning_rate_decay': 'exponential', 'learning_rate_n': 0.1, 'n_epochs': 6000, 'neighborhood': 'gaussian', 'radius_0': -0.25, 'radius_cooling': 'exponential', 'radius_n': 0.1, 'som_dimensions': (15, 15), 'som_grid_type': 'rectangular', 'som_topology': 'planar'}",0.9655169641318949,0.9655169641318949,0.0,186
154,558.0061767101288,0.0,0.24275994300842285,0.0,0.5,pca,1.0,exponential,0.1,6000,gaussian,-0.25,exponential,0.1,"(20, 20)",rectangular,planar,"{'gaussian_neighborhood_sigma': 0.5, 'initialization': 'pca', 'learning_rate_0': 1.0, 'learning_rate_decay': 'exponential', 'learning_rate_n': 0.1, 'n_epochs': 6000, 'neighborhood': 'gaussian', 'radius_0': -0.25, 'radius_cooling': 'exponential', 'radius_n': 0.1, 'som_dimensions': (20, 20), 'som_grid_type': 'rectangular', 'som_topology': 'planar'}",0.9711470133304254,0.9711470133304254,0.0,86
155,692.7718286514282,0.0,0.3150477409362793,0.0,0.5,pca,1.0,exponential,0.1,6000,gaussian,-0.25,exponential,0.1,"(25, 25)",rectangular,planar,"{'gaussian_neighborhood_sigma': 0.5, 'initialization': 'pca', 'learning_rate_0': 1.0, 'learning_rate_decay': 'exponential', 'learning_rate_n': 0.1, 'n_epochs': 6000, 'neighborhood': 'gaussian', 'radius_0': -0.25, 'radius_cooling': 'exponential', 'radius_n': 0.1, 'som_dimensions': (25, 25), 'som_grid_type': 'rectangular', 'som_topology': 'planar'}",0.864592231027348,0.864592231027348,0.0,214
156,343.63701128959656,0.0,0.15981030464172363,0.0,0.5,pca,1.0,exponential,0.1,6000,gaussian,-0.5,exponential,0.1,"(15, 15)",rectangular,planar,"{'gaussian_neighborhood_sigma': 0.5, 'initialization': 'pca', 'learning_rate_0': 1.0, 'learning_rate_decay': 'exponential', 'learning_rate_n': 0.1, 'n_epochs': 6000, 'neighborhood': 'gaussian', 'radius_0': -0.5, 'radius_cooling': 'exponential', 'radius_n': 0.1, 'som_dimensions': (15, 15), 'som_grid_type': 'rectangular', 'som_topology': 'planar'}",0.9667693602533138,0.9667693602533138,0.0,159
157,471.9823033809662,0.0,0.23769664764404297,0.0,0.5,pca,1.0,exponential,0.1,6000,gaussian,-0.5,exponential,0.1,"(20, 20)",rectangular,planar,"{'gaussian_neighborhood_sigma': 0.5, 'initialization': 'pca', 'learning_rate_0': 1.0, 'learning_rate_decay': 'exponential', 'learning_rate_n': 0.1, 'n_epochs': 6000, 'neighborhood': 'gaussian', 'radius_0': -0.5, 'radius_cooling': 'exponential', 'radius_n': 0.1, 'som_dimensions': (20, 20), 'som_grid_type': 'rectangular', 'som_topology': 'planar'}",0.968715397396259,0.968715397396259,0.0,140
158,630.132744550705,0.0,0.31808900833129883,0.0,0.5,pca,1.0,exponential,0.1,6000,gaussian,-0.5,exponential,0.1,"(25, 25)",rectangular,planar,"{'gaussian_neighborhood_sigma': 0.5, 'initialization': 'pca', 'learning_rate_0': 1.0, 'learning_rate_decay': 'exponential', 'learning_rate_n': 0.1, 'n_epochs': 6000, 'neighborhood': 'gaussian', 'radius_0': -0.5, 'radius_cooling': 'exponential', 'radius_n': 0.1, 'som_dimensions': (25, 25), 'som_grid_type': 'rectangular', 'som_topology': 'planar'}",0.9724711496268892,0.9724711496268892,0.0,41
159,352.32055735588074,0.0,0.1524522304534912,0.0,0.5,pca,1.0,exponential,0.1,6000,gaussian,-0.75,exponential,0.1,"(15, 15)",rectangular,planar,"{'gaussian_neighborhood_sigma': 0.5, 'initialization': 'pca', 'learning_rate_0': 1.0, 'learning_rate_decay': 'exponential', 'learning_rate_n': 0.1, 'n_epochs': 6000, 'neighborhood': 'gaussian', 'radius_0': -0.75, 'radius_cooling': 'exponential', 'radius_n': 0.1, 'som_dimensions': (15, 15), 'som_grid_type': 'rectangular', 'som_topology': 'planar'}",0.9656865423121892,0.9656865423121892,0.0,180
160,489.92750334739685,0.0,0.22705841064453125,0.0,0.5,pca,1.0,exponential,0.1,6000,gaussian,-0.75,exponential,0.1,"(20, 20)",rectangular,planar,"{'gaussian_neighborhood_sigma': 0.5, 'initialization': 'pca', 'learning_rate_0': 1.0, 'learning_rate_decay': 'exponential', 'learning_rate_n': 0.1, 'n_epochs': 6000, 'neighborhood': 'gaussian', 'radius_0': -0.75, 'radius_cooling': 'exponential', 'radius_n': 0.1, 'som_dimensions': (20, 20), 'som_grid_type': 'rectangular', 'som_topology': 'planar'}",0.9691218104767385,0.9691218104767385,0.0,131
161,646.0555319786072,0.0,0.3273286819458008,0.0,0.5,pca,1.0,exponential,0.1,6000,gaussian,-0.75,exponential,0.1,"(25, 25)",rectangular,planar,"{'gaussian_neighborhood_sigma': 0.5, 'initialization': 'pca', 'learning_rate_0': 1.0, 'learning_rate_decay': 'exponential', 'learning_rate_n': 0.1, 'n_epochs': 6000, 'neighborhood': 'gaussian', 'radius_0': -0.75, 'radius_cooling': 'exponential', 'radius_n': 0.1, 'som_dimensions': (25, 25), 'som_grid_type': 'rectangular', 'som_topology': 'planar'}",0.8642109133831986,0.8642109133831986,0.0,220
162,324.5464036464691,0.0,0.15572094917297363,0.0,1.0,pca,0.1,exponential,0.001,6000,gaussian,-0.25,exponential,0.1,"(15, 15)",rectangular,planar,"{'gaussian_neighborhood_sigma': 1.0, 'initialization': 'pca', 'learning_rate_0': 0.1, 'learning_rate_decay': 'exponential', 'learning_rate_n': 0.001, 'n_epochs': 6000, 'neighborhood': 'gaussian', 'radius_0': -0.25, 'radius_cooling': 'exponential', 'radius_n': 0.1, 'som_dimensions': (15, 15), 'som_grid_type': 'rectangular', 'som_topology': 'planar'}",0.9652884932782457,0.9652884932782457,0.0,187
163,462.06952238082886,0.0,0.24403882026672363,0.0,1.0,pca,0.1,exponential,0.001,6000,gaussian,-0.25,exponential,0.1,"(20, 20)",rectangular,planar,"{'gaussian_neighborhood_sigma': 1.0, 'initialization': 'pca', 'learning_rate_0': 0.1, 'learning_rate_decay': 'exponential', 'learning_rate_n': 0.001, 'n_epochs': 6000, 'neighborhood': 'gaussian', 'radius_0': -0.25, 'radius_cooling': 'exponential', 'radius_n': 0.1, 'som_dimensions': (20, 20), 'som_grid_type': 'rectangular', 'som_topology': 'planar'}",0.9702560065381206,0.9702560065381206,0.0,105
164,598.1362249851227,0.0,0.3118741512298584,0.0,1.0,pca,0.1,exponential,0.001,6000,gaussian,-0.25,exponential,0.1,"(25, 25)",rectangular,planar,"{'gaussian_neighborhood_sigma': 1.0, 'initialization': 'pca', 'learning_rate_0': 0.1, 'learning_rate_decay': 'exponential', 'learning_rate_n': 0.001, 'n_epochs': 6000, 'neighborhood': 'gaussian', 'radius_0': -0.25, 'radius_cooling': 'exponential', 'radius_n': 0.1, 'som_dimensions': (25, 25), 'som_grid_type': 'rectangular', 'som_topology': 'planar'}",0.8638187947871107,0.8638187947871107,0.0,230
165,337.1183280944824,0.0,0.1558363437652588,0.0,1.0,pca,0.1,exponential,0.001,6000,gaussian,-0.5,exponential,0.1,"(15, 15)",rectangular,planar,"{'gaussian_neighborhood_sigma': 1.0, 'initialization': 'pca', 'learning_rate_0': 0.1, 'learning_rate_decay': 'exponential', 'learning_rate_n': 0.001, 'n_epochs': 6000, 'neighborhood': 'gaussian', 'radius_0': -0.5, 'radius_cooling': 'exponential', 'radius_n': 0.1, 'som_dimensions': (15, 15), 'som_grid_type': 'rectangular', 'som_topology': 'planar'}",0.9689560097827412,0.9689560097827412,0.0,136
166,485.388365983963,0.0,0.22504425048828125,0.0,1.0,pca,0.1,exponential,0.001,6000,gaussian,-0.5,exponential,0.1,"(20, 20)",rectangular,planar,"{'gaussian_neighborhood_sigma': 1.0, 'initialization': 'pca', 'learning_rate_0': 0.1, 'learning_rate_decay': 'exponential', 'learning_rate_n': 0.001, 'n_epochs': 6000, 'neighborhood': 'gaussian', 'radius_0': -0.5, 'radius_cooling': 'exponential', 'radius_n': 0.1, 'som_dimensions': (20, 20), 'som_grid_type': 'rectangular', 'som_topology': 'planar'}",0.9698302975143385,0.9698302975143385,0.0,122
167,622.7687168121338,0.0,0.302335262298584,0.0,1.0,pca,0.1,exponential,0.001,6000,gaussian,-0.5,exponential,0.1,"(25, 25)",rectangular,planar,"{'gaussian_neighborhood_sigma': 1.0, 'initialization': 'pca', 'learning_rate_0': 0.1, 'learning_rate_decay': 'exponential', 'learning_rate_n': 0.001, 'n_epochs': 6000, 'neighborhood': 'gaussian', 'radius_0': -0.5, 'radius_cooling': 'exponential', 'radius_n': 0.1, 'som_dimensions': (25, 25), 'som_grid_type': 'rectangular', 'som_topology': 'planar'}",0.9720510339641102,0.9720510339641102,0.0,51
168,346.7649130821228,0.0,0.14911770820617676,0.0,1.0,pca,0.1,exponential,0.001,6000,gaussian,-0.75,exponential,0.1,"(15, 15)",rectangular,planar,"{'gaussian_neighborhood_sigma': 1.0, 'initialization': 'pca', 'learning_rate_0': 0.1, 'learning_rate_decay': 'exponential', 'learning_rate_n': 0.001, 'n_epochs': 6000, 'neighborhood': 'gaussian', 'radius_0': -0.75, 'radius_cooling': 'exponential', 'radius_n': 0.1, 'som_dimensions': (15, 15), 'som_grid_type': 'rectangular', 'som_topology': 'planar'}",0.966984110385408,0.966984110385408,0.0,157
169,506.42809224128723,0.0,0.21785736083984375,0.0,1.0,pca,0.1,exponential,0.001,6000,gaussian,-0.75,exponential,0.1,"(20, 20)",rectangular,planar,"{'gaussian_neighborhood_sigma': 1.0, 'initialization': 'pca', 'learning_rate_0': 0.1, 'learning_rate_decay': 'exponential', 'learning_rate_n': 0.001, 'n_epochs': 6000, 'neighborhood': 'gaussian', 'radius_0': -0.75, 'radius_cooling': 'exponential', 'radius_n': 0.1, 'som_dimensions': (20, 20), 'som_grid_type': 'rectangular', 'som_topology': 'planar'}",0.9716471904829223,0.9716471904829223,0.0,65
170,650.1846332550049,0.0,0.299407958984375,0.0,1.0,pca,0.1,exponential,0.001,6000,gaussian,-0.75,exponential,0.1,"(25, 25)",rectangular,planar,"{'gaussian_neighborhood_sigma': 1.0, 'initialization': 'pca', 'learning_rate_0': 0.1, 'learning_rate_decay': 'exponential', 'learning_rate_n': 0.001, 'n_epochs': 6000, 'neighborhood': 'gaussian', 'radius_0': -0.75, 'radius_cooling': 'exponential', 'radius_n': 0.1, 'som_dimensions': (25, 25), 'som_grid_type': 'rectangular', 'som_topology': 'planar'}",0.9725770810582935,0.9725770810582935,0.0,38
171,331.49858236312866,0.0,0.1786820888519287,0.0,1.0,pca,0.1,exponential,0.05,6000,gaussian,-0.25,exponential,0.1,"(15, 15)",rectangular,planar,"{'gaussian_neighborhood_sigma': 1.0, 'initialization': 'pca', 'learning_rate_0': 0.1, 'learning_rate_decay': 'exponential', 'learning_rate_n': 0.05, 'n_epochs': 6000, 'neighborhood': 'gaussian', 'radius_0': -0.25, 'radius_cooling': 'exponential', 'radius_n': 0.1, 'som_dimensions': (15, 15), 'som_grid_type': 'rectangular', 'som_topology': 'planar'}",0.9663214445753788,0.9663214445753788,0.0,167
172,552.6530978679657,0.0,0.22805094718933105,0.0,1.0,pca,0.1,exponential,0.05,6000,gaussian,-0.25,exponential,0.1,"(20, 20)",rectangular,planar,"{'gaussian_neighborhood_sigma': 1.0, 'initialization': 'pca', 'learning_rate_0': 0.1, 'learning_rate_decay': 'exponential', 'learning_rate_n': 0.05, 'n_epochs': 6000, 'neighborhood': 'gaussian', 'radius_0': -0.25, 'radius_cooling': 'exponential', 'radius_n': 0.1, 'som_dimensions': (20, 20), 'som_grid_type': 'rectangular', 'som_topology': 'planar'}",0.9692899824267387,0.9692899824267387,0.0,128
173,789.131245136261,0.0,0.30216383934020996,0.0,1.0,pca,0.1,exponential,0.05,6000,gaussian,-0.25,exponential,0.1,"(25, 25)",rectangular,planar,"{'gaussian_neighborhood_sigma': 1.0, 'initialization': 'pca', 'learning_rate_0': 0.1, 'learning_rate_decay': 'exponential', 'learning_rate_n': 0.05, 'n_epochs': 6000, 'neighborhood': 'gaussian', 'radius_0': -0.25, 'radius_cooling': 'exponential', 'radius_n': 0.1, 'som_dimensions': (25, 25), 'som_grid_type': 'rectangular', 'som_topology': 'planar'}",0.8636115913396836,0.8636115913396836,0.0,234
174,402.31809306144714,0.0,0.15525555610656738,0.0,1.0,pca,0.1,exponential,0.05,6000,gaussian,-0.5,exponential,0.1,"(15, 15)",rectangular,planar,"{'gaussian_neighborhood_sigma': 1.0, 'initialization': 'pca', 'learning_rate_0': 0.1, 'learning_rate_decay': 'exponential', 'learning_rate_n': 0.05, 'n_epochs': 6000, 'neighborhood': 'gaussian', 'radius_0': -0.5, 'radius_cooling': 'exponential', 'radius_n': 0.1, 'som_dimensions': (15, 15), 'som_grid_type': 'rectangular', 'som_topology': 'planar'}",0.9619378280721328,0.9619378280721328,0.0,201
175,622.7379217147827,0.0,0.24482488632202148,0.0,1.0,pca,0.1,exponential,0.05,6000,gaussian,-0.5,exponential,0.1,"(20, 20)",rectangular,planar,"{'gaussian_neighborhood_sigma': 1.0, 'initialization': 'pca', 'learning_rate_0': 0.1, 'learning_rate_decay': 'exponential', 'learning_rate_n': 0.05, 'n_epochs': 6000, 'neighborhood': 'gaussian', 'radius_0': -0.5, 'radius_cooling': 'exponential', 'radius_n': 0.1, 'som_dimensions': (20, 20), 'som_grid_type': 'rectangular', 'som_topology': 'planar'}",0.9699082774819947,0.9699082774819947,0.0,120
176,798.8516848087311,0.0,0.306323766708374,0.0,1.0,pca,0.1,exponential,0.05,6000,gaussian,-0.5,exponential,0.1,"(25, 25)",rectangular,planar,"{'gaussian_neighborhood_sigma': 1.0, 'initialization': 'pca', 'learning_rate_0': 0.1, 'learning_rate_decay': 'exponential', 'learning_rate_n': 0.05, 'n_epochs': 6000, 'neighborhood': 'gaussian', 'radius_0': -0.5, 'radius_cooling': 'exponential', 'radius_n': 0.1, 'som_dimensions': (25, 25), 'som_grid_type': 'rectangular', 'som_topology': 'planar'}",0.974192489700058,0.974192489700058,0.0,2
177,416.9859666824341,0.0,0.16485190391540527,0.0,1.0,pca,0.1,exponential,0.05,6000,gaussian,-0.75,exponential,0.1,"(15, 15)",rectangular,planar,"{'gaussian_neighborhood_sigma': 1.0, 'initialization': 'pca', 'learning_rate_0': 0.1, 'learning_rate_decay': 'exponential', 'learning_rate_n': 0.05, 'n_epochs': 6000, 'neighborhood': 'gaussian', 'radius_0': -0.75, 'radius_cooling': 'exponential', 'radius_n': 0.1, 'som_dimensions': (15, 15), 'som_grid_type': 'rectangular', 'som_topology': 'planar'}",0.9668145511357853,0.9668145511357853,0.0,158
178,617.3774404525757,0.0,0.22990894317626953,0.0,1.0,pca,0.1,exponential,0.05,6000,gaussian,-0.75,exponential,0.1,"(20, 20)",rectangular,planar,"{'gaussian_neighborhood_sigma': 1.0, 'initialization': 'pca', 'learning_rate_0': 0.1, 'learning_rate_decay': 'exponential', 'learning_rate_n': 0.05, 'n_epochs': 6000, 'neighborhood': 'gaussian', 'radius_0': -0.75, 'radius_cooling': 'exponential', 'radius_n': 0.1, 'som_dimensions': (20, 20), 'som_grid_type': 'rectangular', 'som_topology': 'planar'}",0.971766462237575,0.971766462237575,0.0,60
179,820.5379054546356,0.0,0.30829787254333496,0.0,1.0,pca,0.1,exponential,0.05,6000,gaussian,-0.75,exponential,0.1,"(25, 25)",rectangular,planar,"{'gaussian_neighborhood_sigma': 1.0, 'initialization': 'pca', 'learning_rate_0': 0.1, 'learning_rate_decay': 'exponential', 'learning_rate_n': 0.05, 'n_epochs': 6000, 'neighborhood': 'gaussian', 'radius_0': -0.75, 'radius_cooling': 'exponential', 'radius_n': 0.1, 'som_dimensions': (25, 25), 'som_grid_type': 'rectangular', 'som_topology': 'planar'}",0.9721436088369678,0.9721436088369678,0.0,48
180,394.84132957458496,0.0,0.16105914115905762,0.0,1.0,pca,0.1,exponential,0.1,6000,gaussian,-0.25,exponential,0.1,"(15, 15)",rectangular,planar,"{'gaussian_neighborhood_sigma': 1.0, 'initialization': 'pca', 'learning_rate_0': 0.1, 'learning_rate_decay': 'exponential', 'learning_rate_n': 0.1, 'n_epochs': 6000, 'neighborhood': 'gaussian', 'radius_0': -0.25, 'radius_cooling': 'exponential', 'radius_n': 0.1, 'som_dimensions': (15, 15), 'som_grid_type': 'rectangular', 'som_topology': 'planar'}",0.9656215743529026,0.9656215743529026,0.0,184
181,553.0033180713654,0.0,0.23115801811218262,0.0,1.0,pca,0.1,exponential,0.1,6000,gaussian,-0.25,exponential,0.1,"(20, 20)",rectangular,planar,"{'gaussian_neighborhood_sigma': 1.0, 'initialization': 'pca', 'learning_rate_0': 0.1, 'learning_rate_decay': 'exponential', 'learning_rate_n': 0.1, 'n_epochs': 6000, 'neighborhood': 'gaussian', 'radius_0': -0.25, 'radius_cooling': 'exponential', 'radius_n': 0.1, 'som_dimensions': (20, 20), 'som_grid_type': 'rectangular', 'som_topology': 'planar'}",0.9708937863065918,0.9708937863065918,0.0,96
182,726.4895160198212,0.0,0.29923224449157715,0.0,1.0,pca,0.1,exponential,0.1,6000,gaussian,-0.25,exponential,0.1,"(25, 25)",rectangular,planar,"{'gaussian_neighborhood_sigma': 1.0, 'initialization': 'pca', 'learning_rate_0': 0.1, 'learning_rate_decay': 'exponential', 'learning_rate_n': 0.1, 'n_epochs': 6000, 'neighborhood': 'gaussian', 'radius_0': -0.25, 'radius_cooling': 'exponential', 'radius_n': 0.1, 'som_dimensions': (25, 25), 'som_grid_type': 'rectangular', 'som_topology': 'planar'}",0.9734735165075304,0.9734735165075304,0.0,12
183,383.89345693588257,0.0,0.15948915481567383,0.0,1.0,pca,0.1,exponential,0.1,6000,gaussian,-0.5,exponential,0.1,"(15, 15)",rectangular,planar,"{'gaussian_neighborhood_sigma': 1.0, 'initialization': 'pca', 'learning_rate_0': 0.1, 'learning_rate_decay': 'exponential', 'learning_rate_n': 0.1, 'n_epochs': 6000, 'neighborhood': 'gaussian', 'radius_0': -0.5, 'radius_cooling': 'exponential', 'radius_n': 0.1, 'som_dimensions': (15, 15), 'som_grid_type': 'rectangular', 'som_topology': 'planar'}",0.9618930379027704,0.9618930379027704,0.0,202
184,554.5540659427643,0.0,0.22740721702575684,0.0,1.0,pca,0.1,exponential,0.1,6000,gaussian,-0.5,exponential,0.1,"(20, 20)",rectangular,planar,"{'gaussian_neighborhood_sigma': 1.0, 'initialization': 'pca', 'learning_rate_0': 0.1, 'learning_rate_decay': 'exponential', 'learning_rate_n': 0.1, 'n_epochs': 6000, 'neighborhood': 'gaussian', 'radius_0': -0.5, 'radius_cooling': 'exponential', 'radius_n': 0.1, 'som_dimensions': (20, 20), 'som_grid_type': 'rectangular', 'som_topology': 'planar'}",0.9699173188006063,0.9699173188006063,0.0,119
185,735.6530160903931,0.0,0.3099074363708496,0.0,1.0,pca,0.1,exponential,0.1,6000,gaussian,-0.5,exponential,0.1,"(25, 25)",rectangular,planar,"{'gaussian_neighborhood_sigma': 1.0, 'initialization': 'pca', 'learning_rate_0': 0.1, 'learning_rate_decay': 'exponential', 'learning_rate_n': 0.1, 'n_epochs': 6000, 'neighborhood': 'gaussian', 'radius_0': -0.5, 'radius_cooling': 'exponential', 'radius_n': 0.1, 'som_dimensions': (25, 25), 'som_grid_type': 'rectangular', 'som_topology': 'planar'}",0.9731459508116047,0.9731459508116047,0.0,24
186,396.9085886478424,0.0,0.15969061851501465,0.0,1.0,pca,0.1,exponential,0.1,6000,gaussian,-0.75,exponential,0.1,"(15, 15)",rectangular,planar,"{'gaussian_neighborhood_sigma': 1.0, 'initialization': 'pca', 'learning_rate_0': 0.1, 'learning_rate_decay': 'exponential', 'learning_rate_n': 0.1, 'n_epochs': 6000, 'neighborhood': 'gaussian', 'radius_0': -0.75, 'radius_cooling': 'exponential', 'radius_n': 0.1, 'som_dimensions': (15, 15), 'som_grid_type': 'rectangular', 'som_topology': 'planar'}",0.9691827811077691,0.9691827811077691,0.0,129
187,569.5660111904144,0.0,0.23082828521728516,0.0,1.0,pca,0.1,exponential,0.1,6000,gaussian,-0.75,exponential,0.1,"(20, 20)",rectangular,planar,"{'gaussian_neighborhood_sigma': 1.0, 'initialization': 'pca', 'learning_rate_0': 0.1, 'learning_rate_decay': 'exponential', 'learning_rate_n': 0.1, 'n_epochs': 6000, 'neighborhood': 'gaussian', 'radius_0': -0.75, 'radius_cooling': 'exponential', 'radius_n': 0.1, 'som_dimensions': (20, 20), 'som_grid_type': 'rectangular', 'som_topology': 'planar'}",0.9718278699838584,0.9718278699838584,0.0,57
188,764.9810121059418,0.0,0.3188302516937256,0.0,1.0,pca,0.1,exponential,0.1,6000,gaussian,-0.75,exponential,0.1,"(25, 25)",rectangular,planar,"{'gaussian_neighborhood_sigma': 1.0, 'initialization': 'pca', 'learning_rate_0': 0.1, 'learning_rate_decay': 'exponential', 'learning_rate_n': 0.1, 'n_epochs': 6000, 'neighborhood': 'gaussian', 'radius_0': -0.75, 'radius_cooling': 'exponential', 'radius_n': 0.1, 'som_dimensions': (25, 25), 'som_grid_type': 'rectangular', 'som_topology': 'planar'}",0.9727575361600536,0.9727575361600536,0.0,32
189,363.08009672164917,0.0,0.15244841575622559,0.0,1.0,pca,0.5,exponential,0.001,6000,gaussian,-0.25,exponential,0.1,"(15, 15)",rectangular,planar,"{'gaussian_neighborhood_sigma': 1.0, 'initialization': 'pca', 'learning_rate_0': 0.5, 'learning_rate_decay': 'exponential', 'learning_rate_n': 0.001, 'n_epochs': 6000, 'neighborhood': 'gaussian', 'radius_0': -0.25, 'radius_cooling': 'exponential', 'radius_n': 0.1, 'som_dimensions': (15, 15), 'som_grid_type': 'rectangular', 'som_topology': 'planar'}",0.9715370617439661,0.9715370617439661,0.0,67
190,542.121984243393,0.0,0.22401642799377441,0.0,1.0,pca,0.5,exponential,0.001,6000,gaussian,-0.25,exponential,0.1,"(20, 20)",rectangular,planar,"{'gaussian_neighborhood_sigma': 1.0, 'initialization': 'pca', 'learning_rate_0': 0.5, 'learning_rate_decay': 'exponential', 'learning_rate_n': 0.001, 'n_epochs': 6000, 'neighborhood': 'gaussian', 'radius_0': -0.25, 'radius_cooling': 'exponential', 'radius_n': 0.1, 'som_dimensions': (20, 20), 'som_grid_type': 'rectangular', 'som_topology': 'planar'}",0.9715230698565132,0.9715230698565132,0.0,69
191,710.1902270317078,0.0,0.3437039852142334,0.0,1.0,pca,0.5,exponential,0.001,6000,gaussian,-0.25,exponential,0.1,"(25, 25)",rectangular,planar,"{'gaussian_neighborhood_sigma': 1.0, 'initialization': 'pca', 'learning_rate_0': 0.5, 'learning_rate_decay': 'exponential', 'learning_rate_n': 0.001, 'n_epochs': 6000, 'neighborhood': 'gaussian', 'radius_0': -0.25, 'radius_cooling': 'exponential', 'radius_n': 0.1, 'som_dimensions': (25, 25), 'som_grid_type': 'rectangular', 'som_topology': 'planar'}",0.8644136748697937,0.8644136748697937,0.0,216
192,379.1568024158478,0.0,0.15913820266723633,0.0,1.0,pca,0.5,exponential,0.001,6000,gaussian,-0.5,exponential,0.1,"(15, 15)",rectangular,planar,"{'gaussian_neighborhood_sigma': 1.0, 'initialization': 'pca', 'learning_rate_0': 0.5, 'learning_rate_decay': 'exponential', 'learning_rate_n': 0.001, 'n_epochs': 6000, 'neighborhood': 'gaussian', 'radius_0': -0.5, 'radius_cooling': 'exponential', 'radius_n': 0.1, 'som_dimensions': (15, 15), 'som_grid_type': 'rectangular', 'som_topology': 'planar'}",0.9613982617255724,0.9613982617255724,0.0,204
193,541.2883052825928,0.0,0.23510432243347168,0.0,1.0,pca,0.5,exponential,0.001,6000,gaussian,-0.5,exponential,0.1,"(20, 20)",rectangular,planar,"{'gaussian_neighborhood_sigma': 1.0, 'initialization': 'pca', 'learning_rate_0': 0.5, 'learning_rate_decay': 'exponential', 'learning_rate_n': 0.001, 'n_epochs': 6000, 'neighborhood': 'gaussian', 'radius_0': -0.5, 'radius_cooling': 'exponential', 'radius_n': 0.1, 'som_dimensions': (20, 20), 'som_grid_type': 'rectangular', 'som_topology': 'planar'}",0.9699766713469944,0.9699766713469944,0.0,115
194,723.9130368232727,0.0,0.32224464416503906,0.0,1.0,pca,0.5,exponential,0.001,6000,gaussian,-0.5,exponential,0.1,"(25, 25)",rectangular,planar,"{'gaussian_neighborhood_sigma': 1.0, 'initialization': 'pca', 'learning_rate_0': 0.5, 'learning_rate_decay': 'exponential', 'learning_rate_n': 0.001, 'n_epochs': 6000, 'neighborhood': 'gaussian', 'radius_0': -0.5, 'radius_cooling': 'exponential', 'radius_n': 0.1, 'som_dimensions': (25, 25), 'som_grid_type': 'rectangular', 'som_topology': 'planar'}",0.9728991426750468,0.9728991426750468,0.0,28
195,406.3769290447235,0.0,0.1559751033782959,0.0,1.0,pca,0.5,exponential,0.001,6000,gaussian,-0.75,exponential,0.1,"(15, 15)",rectangular,planar,"{'gaussian_neighborhood_sigma': 1.0, 'initialization': 'pca', 'learning_rate_0': 0.5, 'learning_rate_decay': 'exponential', 'learning_rate_n': 0.001, 'n_epochs': 6000, 'neighborhood': 'gaussian', 'radius_0': -0.75, 'radius_cooling': 'exponential', 'radius_n': 0.1, 'som_dimensions': (15, 15), 'som_grid_type': 'rectangular', 'som_topology': 'planar'}",0.9662981616549292,0.9662981616549292,0.0,168
196,566.1352241039276,0.0,0.21866250038146973,0.0,1.0,pca,0.5,exponential,0.001,6000,gaussian,-0.75,exponential,0.1,"(20, 20)",rectangular,planar,"{'gaussian_neighborhood_sigma': 1.0, 'initialization': 'pca', 'learning_rate_0': 0.5, 'learning_rate_decay': 'exponential', 'learning_rate_n': 0.001, 'n_epochs': 6000, 'neighborhood': 'gaussian', 'radius_0': -0.75, 'radius_cooling': 'exponential', 'radius_n': 0.1, 'som_dimensions': (20, 20), 'som_grid_type': 'rectangular', 'som_topology': 'planar'}",0.9726613040999397,0.9726613040999397,0.0,35
197,734.5948526859283,0.0,0.2988245487213135,0.0,1.0,pca,0.5,exponential,0.001,6000,gaussian,-0.75,exponential,0.1,"(25, 25)",rectangular,planar,"{'gaussian_neighborhood_sigma': 1.0, 'initialization': 'pca', 'learning_rate_0': 0.5, 'learning_rate_decay': 'exponential', 'learning_rate_n': 0.001, 'n_epochs': 6000, 'neighborhood': 'gaussian', 'radius_0': -0.75, 'radius_cooling': 'exponential', 'radius_n': 0.1, 'som_dimensions': (25, 25), 'som_grid_type': 'rectangular', 'som_topology': 'planar'}",0.9738551078135063,0.9738551078135063,0.0,7
198,361.77556252479553,0.0,0.15703916549682617,0.0,1.0,pca,0.5,exponential,0.05,6000,gaussian,-0.25,exponential,0.1,"(15, 15)",rectangular,planar,"{'gaussian_neighborhood_sigma': 1.0, 'initialization': 'pca', 'learning_rate_0': 0.5, 'learning_rate_decay': 'exponential', 'learning_rate_n': 0.05, 'n_epochs': 6000, 'neighborhood': 'gaussian', 'radius_0': -0.25, 'radius_cooling': 'exponential', 'radius_n': 0.1, 'som_dimensions': (15, 15), 'som_grid_type': 'rectangular', 'som_topology': 'planar'}",0.9683204495412472,0.9683204495412472,0.0,143
199,522.4783403873444,0.0,0.2374279499053955,0.0,1.0,pca,0.5,exponential,0.05,6000,gaussian,-0.25,exponential,0.1,"(20, 20)",rectangular,planar,"{'gaussian_neighborhood_sigma': 1.0, 'initialization': 'pca', 'learning_rate_0': 0.5, 'learning_rate_decay': 'exponential', 'learning_rate_n': 0.05, 'n_epochs': 6000, 'neighborhood': 'gaussian', 'radius_0': -0.25, 'radius_cooling': 'exponential', 'radius_n': 0.1, 'som_dimensions': (20, 20), 'som_grid_type': 'rectangular', 'som_topology': 'planar'}",0.9699864609084077,0.9699864609084077,0.0,114
200,604.7627646923065,0.0,0.32990169525146484,0.0,1.0,pca,0.5,exponential,0.05,6000,gaussian,-0.25,exponential,0.1,"(25, 25)",rectangular,planar,"{'gaussian_neighborhood_sigma': 1.0, 'initialization': 'pca', 'learning_rate_0': 0.5, 'learning_rate_decay': 'exponential', 'learning_rate_n': 0.05, 'n_epochs': 6000, 'neighborhood': 'gaussian', 'radius_0': -0.25, 'radius_cooling': 'exponential', 'radius_n': 0.1, 'som_dimensions': (25, 25), 'som_grid_type': 'rectangular', 'som_topology': 'planar'}",0.8640144654041859,0.8640144654041859,0.0,226
201,336.92371797561646,0.0,0.15600371360778809,0.0,1.0,pca,0.5,exponential,0.05,6000,gaussian,-0.5,exponential,0.1,"(15, 15)",rectangular,planar,"{'gaussian_neighborhood_sigma': 1.0, 'initialization': 'pca', 'learning_rate_0': 0.5, 'learning_rate_decay': 'exponential', 'learning_rate_n': 0.05, 'n_epochs': 6000, 'neighborhood': 'gaussian', 'radius_0': -0.5, 'radius_cooling': 'exponential', 'radius_n': 0.1, 'som_dimensions': (15, 15), 'som_grid_type': 'rectangular', 'som_topology': 'planar'}",0.9619681065240814,0.9619681065240814,0.0,200
202,486.4071476459503,0.0,0.22226786613464355,0.0,1.0,pca,0.5,exponential,0.05,6000,gaussian,-0.5,exponential,0.1,"(20, 20)",rectangular,planar,"{'gaussian_neighborhood_sigma': 1.0, 'initialization': 'pca', 'learning_rate_0': 0.5, 'learning_rate_decay': 'exponential', 'learning_rate_n': 0.05, 'n_epochs': 6000, 'neighborhood': 'gaussian', 'radius_0': -0.5, 'radius_cooling': 'exponential', 'radius_n': 0.1, 'som_dimensions': (20, 20), 'som_grid_type': 'rectangular', 'som_topology': 'planar'}",0.9687440174432862,0.9687440174432862,0.0,139
203,627.5697937011719,0.0,0.32857441902160645,0.0,1.0,pca,0.5,exponential,0.05,6000,gaussian,-0.5,exponential,0.1,"(25, 25)",rectangular,planar,"{'gaussian_neighborhood_sigma': 1.0, 'initialization': 'pca', 'learning_rate_0': 0.5, 'learning_rate_decay': 'exponential', 'learning_rate_n': 0.05, 'n_epochs': 6000, 'neighborhood': 'gaussian', 'radius_0': -0.5, 'radius_cooling': 'exponential', 'radius_n': 0.1, 'som_dimensions': (25, 25), 'som_grid_type': 'rectangular', 'som_topology': 'planar'}",0.9740683188967076,0.9740683188967076,0.0,3
204,346.51140999794006,0.0,0.1538243293762207,0.0,1.0,pca,0.5,exponential,0.05,6000,gaussian,-0.75,exponential,0.1,"(15, 15)",rectangular,planar,"{'gaussian_neighborhood_sigma': 1.0, 'initialization': 'pca', 'learning_rate_0': 0.5, 'learning_rate_decay': 'exponential', 'learning_rate_n': 0.05, 'n_epochs': 6000, 'neighborhood': 'gaussian', 'radius_0': -0.75, 'radius_cooling': 'exponential', 'radius_n': 0.1, 'som_dimensions': (15, 15), 'som_grid_type': 'rectangular', 'som_topology': 'planar'}",0.9675347617098924,0.9675347617098924,0.0,152
205,493.48142862319946,0.0,0.23934602737426758,0.0,1.0,pca,0.5,exponential,0.05,6000,gaussian,-0.75,exponential,0.1,"(20, 20)",rectangular,planar,"{'gaussian_neighborhood_sigma': 1.0, 'initialization': 'pca', 'learning_rate_0': 0.5, 'learning_rate_decay': 'exponential', 'learning_rate_n': 0.05, 'n_epochs': 6000, 'neighborhood': 'gaussian', 'radius_0': -0.75, 'radius_cooling': 'exponential', 'radius_n': 0.1, 'som_dimensions': (20, 20), 'som_grid_type': 'rectangular', 'som_topology': 'planar'}",0.9714795787761822,0.9714795787761822,0.0,71
206,647.9140923023224,0.0,0.31808996200561523,0.0,1.0,pca,0.5,exponential,0.05,6000,gaussian,-0.75,exponential,0.1,"(25, 25)",rectangular,planar,"{'gaussian_neighborhood_sigma': 1.0, 'initialization': 'pca', 'learning_rate_0': 0.5, 'learning_rate_decay': 'exponential', 'learning_rate_n': 0.05, 'n_epochs': 6000, 'neighborhood': 'gaussian', 'radius_0': -0.75, 'radius_cooling': 'exponential', 'radius_n': 0.1, 'som_dimensions': (25, 25), 'som_grid_type': 'rectangular', 'som_topology': 'planar'}",0.9727343685577572,0.9727343685577572,0.0,34
207,320.5061604976654,0.0,0.15103483200073242,0.0,1.0,pca,0.5,exponential,0.1,6000,gaussian,-0.25,exponential,0.1,"(15, 15)",rectangular,planar,"{'gaussian_neighborhood_sigma': 1.0, 'initialization': 'pca', 'learning_rate_0': 0.5, 'learning_rate_decay': 'exponential', 'learning_rate_n': 0.1, 'n_epochs': 6000, 'neighborhood': 'gaussian', 'radius_0': -0.25, 'radius_cooling': 'exponential', 'radius_n': 0.1, 'som_dimensions': (15, 15), 'som_grid_type': 'rectangular', 'som_topology': 'planar'}",0.9681324749132538,0.9681324749132538,0.0,144
208,458.5011582374573,0.0,0.22116756439208984,0.0,1.0,pca,0.5,exponential,0.1,6000,gaussian,-0.25,exponential,0.1,"(20, 20)",rectangular,planar,"{'gaussian_neighborhood_sigma': 1.0, 'initialization': 'pca', 'learning_rate_0': 0.5, 'learning_rate_decay': 'exponential', 'learning_rate_n': 0.1, 'n_epochs': 6000, 'neighborhood': 'gaussian', 'radius_0': -0.25, 'radius_cooling': 'exponential', 'radius_n': 0.1, 'som_dimensions': (20, 20), 'som_grid_type': 'rectangular', 'som_topology': 'planar'}",0.9713411968207337,0.9713411968207337,0.0,78
209,594.3332476615906,0.0,0.3209245204925537,0.0,1.0,pca,0.5,exponential,0.1,6000,gaussian,-0.25,exponential,0.1,"(25, 25)",rectangular,planar,"{'gaussian_neighborhood_sigma': 1.0, 'initialization': 'pca', 'learning_rate_0': 0.5, 'learning_rate_decay': 'exponential', 'learning_rate_n': 0.1, 'n_epochs': 6000, 'neighborhood': 'gaussian', 'radius_0': -0.25, 'radius_cooling': 'exponential', 'radius_n': 0.1, 'som_dimensions': (25, 25), 'som_grid_type': 'rectangular', 'som_topology': 'planar'}",0.865069904479157,0.865069904479157,0.0,208
210,341.3881070613861,0.0,0.1598505973815918,0.0,1.0,pca,0.5,exponential,0.1,6000,gaussian,-0.5,exponential,0.1,"(15, 15)",rectangular,planar,"{'gaussian_neighborhood_sigma': 1.0, 'initialization': 'pca', 'learning_rate_0': 0.5, 'learning_rate_decay': 'exponential', 'learning_rate_n': 0.1, 'n_epochs': 6000, 'neighborhood': 'gaussian', 'radius_0': -0.5, 'radius_cooling': 'exponential', 'radius_n': 0.1, 'som_dimensions': (15, 15), 'som_grid_type': 'rectangular', 'som_topology': 'planar'}",0.9621039964550238,0.9621039964550238,0.0,199
211,474.05954813957214,0.0,0.2467513084411621,0.0,1.0,pca,0.5,exponential,0.1,6000,gaussian,-0.5,exponential,0.1,"(20, 20)",rectangular,planar,"{'gaussian_neighborhood_sigma': 1.0, 'initialization': 'pca', 'learning_rate_0': 0.5, 'learning_rate_decay': 'exponential', 'learning_rate_n': 0.1, 'n_epochs': 6000, 'neighborhood': 'gaussian', 'radius_0': -0.5, 'radius_cooling': 'exponential', 'radius_n': 0.1, 'som_dimensions': (20, 20), 'som_grid_type': 'rectangular', 'som_topology': 'planar'}",0.9700233575010773,0.9700233575010773,0.0,112
212,624.8820154666901,0.0,0.3109140396118164,0.0,1.0,pca,0.5,exponential,0.1,6000,gaussian,-0.5,exponential,0.1,"(25, 25)",rectangular,planar,"{'gaussian_neighborhood_sigma': 1.0, 'initialization': 'pca', 'learning_rate_0': 0.5, 'learning_rate_decay': 'exponential', 'learning_rate_n': 0.1, 'n_epochs': 6000, 'neighborhood': 'gaussian', 'radius_0': -0.5, 'radius_cooling': 'exponential', 'radius_n': 0.1, 'som_dimensions': (25, 25), 'som_grid_type': 'rectangular', 'som_topology': 'planar'}",0.9738637690995989,0.9738637690995989,0.0,6
213,347.92610454559326,0.0,0.15868926048278809,0.0,1.0,pca,0.5,exponential,0.1,6000,gaussian,-0.75,exponential,0.1,"(15, 15)",rectangular,planar,"{'gaussian_neighborhood_sigma': 1.0, 'initialization': 'pca', 'learning_rate_0': 0.5, 'learning_rate_decay': 'exponential', 'learning_rate_n': 0.1, 'n_epochs': 6000, 'neighborhood': 'gaussian', 'radius_0': -0.75, 'radius_cooling': 'exponential', 'radius_n': 0.1, 'som_dimensions': (15, 15), 'som_grid_type': 'rectangular', 'som_topology': 'planar'}",0.9687034039571665,0.9687034039571665,0.0,141
214,487.8571231365204,0.0,0.22297263145446777,0.0,1.0,pca,0.5,exponential,0.1,6000,gaussian,-0.75,exponential,0.1,"(20, 20)",rectangular,planar,"{'gaussian_neighborhood_sigma': 1.0, 'initialization': 'pca', 'learning_rate_0': 0.5, 'learning_rate_decay': 'exponential', 'learning_rate_n': 0.1, 'n_epochs': 6000, 'neighborhood': 'gaussian', 'radius_0': -0.75, 'radius_cooling': 'exponential', 'radius_n': 0.1, 'som_dimensions': (20, 20), 'som_grid_type': 'rectangular', 'som_topology': 'planar'}",0.9721134068495116,0.9721134068495116,0.0,49
215,634.5369968414307,0.0,0.3189215660095215,0.0,1.0,pca,0.5,exponential,0.1,6000,gaussian,-0.75,exponential,0.1,"(25, 25)",rectangular,planar,"{'gaussian_neighborhood_sigma': 1.0, 'initialization': 'pca', 'learning_rate_0': 0.5, 'learning_rate_decay': 'exponential', 'learning_rate_n': 0.1, 'n_epochs': 6000, 'neighborhood': 'gaussian', 'radius_0': -0.75, 'radius_cooling': 'exponential', 'radius_n': 0.1, 'som_dimensions': (25, 25), 'som_grid_type': 'rectangular', 'som_topology': 'planar'}",0.9738185318131418,0.9738185318131418,0.0,8
216,329.6270034313202,0.0,0.15659046173095703,0.0,1.0,pca,1.0,exponential,0.001,6000,gaussian,-0.25,exponential,0.1,"(15, 15)",rectangular,planar,"{'gaussian_neighborhood_sigma': 1.0, 'initialization': 'pca', 'learning_rate_0': 1.0, 'learning_rate_decay': 'exponential', 'learning_rate_n': 0.001, 'n_epochs': 6000, 'neighborhood': 'gaussian', 'radius_0': -0.25, 'radius_cooling': 'exponential', 'radius_n': 0.1, 'som_dimensions': (15, 15), 'som_grid_type': 'rectangular', 'som_topology': 'planar'}",0.9679440864290972,0.9679440864290972,0.0,147
217,460.6432101726532,0.0,0.23805737495422363,0.0,1.0,pca,1.0,exponential,0.001,6000,gaussian,-0.25,exponential,0.1,"(20, 20)",rectangular,planar,"{'gaussian_neighborhood_sigma': 1.0, 'initialization': 'pca', 'learning_rate_0': 1.0, 'learning_rate_decay': 'exponential', 'learning_rate_n': 0.001, 'n_epochs': 6000, 'neighborhood': 'gaussian', 'radius_0': -0.25, 'radius_cooling': 'exponential', 'radius_n': 0.1, 'som_dimensions': (20, 20), 'som_grid_type': 'rectangular', 'som_topology': 'planar'}",0.9704977055047219,0.9704977055047219,0.0,101
218,602.8598256111145,0.0,0.3373241424560547,0.0,1.0,pca,1.0,exponential,0.001,6000,gaussian,-0.25,exponential,0.1,"(25, 25)",rectangular,planar,"{'gaussian_neighborhood_sigma': 1.0, 'initialization': 'pca', 'learning_rate_0': 1.0, 'learning_rate_decay': 'exponential', 'learning_rate_n': 0.001, 'n_epochs': 6000, 'neighborhood': 'gaussian', 'radius_0': -0.25, 'radius_cooling': 'exponential', 'radius_n': 0.1, 'som_dimensions': (25, 25), 'som_grid_type': 'rectangular', 'som_topology': 'planar'}",0.8616331108514768,0.8616331108514768,0.0,242
219,337.1145074367523,0.0,0.1641402244567871,0.0,1.0,pca,1.0,exponential,0.001,6000,gaussian,-0.5,exponential,0.1,"(15, 15)",rectangular,planar,"{'gaussian_neighborhood_sigma': 1.0, 'initialization': 'pca', 'learning_rate_0': 1.0, 'learning_rate_decay': 'exponential', 'learning_rate_n': 0.001, 'n_epochs': 6000, 'neighborhood': 'gaussian', 'radius_0': -0.5, 'radius_cooling': 'exponential', 'radius_n': 0.1, 'som_dimensions': (15, 15), 'som_grid_type': 'rectangular', 'som_topology': 'planar'}",0.9614331921020203,0.9614331921020203,0.0,203
220,471.4091830253601,0.0,0.23107123374938965,0.0,1.0,pca,1.0,exponential,0.001,6000,gaussian,-0.5,exponential,0.1,"(20, 20)",rectangular,planar,"{'gaussian_neighborhood_sigma': 1.0, 'initialization': 'pca', 'learning_rate_0': 1.0, 'learning_rate_decay': 'exponential', 'learning_rate_n': 0.001, 'n_epochs': 6000, 'neighborhood': 'gaussian', 'radius_0': -0.5, 'radius_cooling': 'exponential', 'radius_n': 0.1, 'som_dimensions': (20, 20), 'som_grid_type': 'rectangular', 'som_topology': 'planar'}",0.9739409138956064,0.9739409138956064,0.0,5
221,614.5295886993408,0.0,0.3262925148010254,0.0,1.0,pca,1.0,exponential,0.001,6000,gaussian,-0.5,exponential,0.1,"(25, 25)",rectangular,planar,"{'gaussian_neighborhood_sigma': 1.0, 'initialization': 'pca', 'learning_rate_0': 1.0, 'learning_rate_decay': 'exponential', 'learning_rate_n': 0.001, 'n_epochs': 6000, 'neighborhood': 'gaussian', 'radius_0': -0.5, 'radius_cooling': 'exponential', 'radius_n': 0.1, 'som_dimensions': (25, 25), 'som_grid_type': 'rectangular', 'som_topology': 'planar'}",0.9727873641485711,0.9727873641485711,0.0,30
222,346.3097229003906,0.0,0.15093779563903809,0.0,1.0,pca,1.0,exponential,0.001,6000,gaussian,-0.75,exponential,0.1,"(15, 15)",rectangular,planar,"{'gaussian_neighborhood_sigma': 1.0, 'initialization': 'pca', 'learning_rate_0': 1.0, 'learning_rate_decay': 'exponential', 'learning_rate_n': 0.001, 'n_epochs': 6000, 'neighborhood': 'gaussian', 'radius_0': -0.75, 'radius_cooling': 'exponential', 'radius_n': 0.1, 'som_dimensions': (15, 15), 'som_grid_type': 'rectangular', 'som_topology': 'planar'}",0.9661618272247836,0.9661618272247836,0.0,170
223,488.0688433647156,0.0,0.229356050491333,0.0,1.0,pca,1.0,exponential,0.001,6000,gaussian,-0.75,exponential,0.1,"(20, 20)",rectangular,planar,"{'gaussian_neighborhood_sigma': 1.0, 'initialization': 'pca', 'learning_rate_0': 1.0, 'learning_rate_decay': 'exponential', 'learning_rate_n': 0.001, 'n_epochs': 6000, 'neighborhood': 'gaussian', 'radius_0': -0.75, 'radius_cooling': 'exponential', 'radius_n': 0.1, 'som_dimensions': (20, 20), 'som_grid_type': 'rectangular', 'som_topology': 'planar'}",0.9708999706130251,0.9708999706130251,0.0,95
224,629.45871925354,0.0,0.32076239585876465,0.0,1.0,pca,1.0,exponential,0.001,6000,gaussian,-0.75,exponential,0.1,"(25, 25)",rectangular,planar,"{'gaussian_neighborhood_sigma': 1.0, 'initialization': 'pca', 'learning_rate_0': 1.0, 'learning_rate_decay': 'exponential', 'learning_rate_n': 0.001, 'n_epochs': 6000, 'neighborhood': 'gaussian', 'radius_0': -0.75, 'radius_cooling': 'exponential', 'radius_n': 0.1, 'som_dimensions': (25, 25), 'som_grid_type': 'rectangular', 'som_topology': 'planar'}",0.9734030314429434,0.9734030314429434,0.0,14
225,331.1657860279083,0.0,0.16844511032104492,0.0,1.0,pca,1.0,exponential,0.05,6000,gaussian,-0.25,exponential,0.1,"(15, 15)",rectangular,planar,"{'gaussian_neighborhood_sigma': 1.0, 'initialization': 'pca', 'learning_rate_0': 1.0, 'learning_rate_decay': 'exponential', 'learning_rate_n': 0.05, 'n_epochs': 6000, 'neighborhood': 'gaussian', 'radius_0': -0.25, 'radius_cooling': 'exponential', 'radius_n': 0.1, 'som_dimensions': (15, 15), 'som_grid_type': 'rectangular', 'som_topology': 'planar'}",0.9714435915719262,0.9714435915719262,0.0,73
226,455.7791142463684,0.0,0.22062993049621582,0.0,1.0,pca,1.0,exponential,0.05,6000,gaussian,-0.25,exponential,0.1,"(20, 20)",rectangular,planar,"{'gaussian_neighborhood_sigma': 1.0, 'initialization': 'pca', 'learning_rate_0': 1.0, 'learning_rate_decay': 'exponential', 'learning_rate_n': 0.05, 'n_epochs': 6000, 'neighborhood': 'gaussian', 'radius_0': -0.25, 'radius_cooling': 'exponential', 'radius_n': 0.1, 'som_dimensions': (20, 20), 'som_grid_type': 'rectangular', 'som_topology': 'planar'}",0.9680190619897262,0.9680190619897262,0.0,145
227,599.5768482685089,0.0,0.3036820888519287,0.0,1.0,pca,1.0,exponential,0.05,6000,gaussian,-0.25,exponential,0.1,"(25, 25)",rectangular,planar,"{'gaussian_neighborhood_sigma': 1.0, 'initialization': 'pca', 'learning_rate_0': 1.0, 'learning_rate_decay': 'exponential', 'learning_rate_n': 0.05, 'n_epochs': 6000, 'neighborhood': 'gaussian', 'radius_0': -0.25, 'radius_cooling': 'exponential', 'radius_n': 0.1, 'som_dimensions': (25, 25), 'som_grid_type': 'rectangular', 'som_topology': 'planar'}",0.8623795041582429,0.8623795041582429,0.0,239
228,337.03007888793945,0.0,0.16176772117614746,0.0,1.0,pca,1.0,exponential,0.05,6000,gaussian,-0.5,exponential,0.1,"(15, 15)",rectangular,planar,"{'gaussian_neighborhood_sigma': 1.0, 'initialization': 'pca', 'learning_rate_0': 1.0, 'learning_rate_decay': 'exponential', 'learning_rate_n': 0.05, 'n_epochs': 6000, 'neighborhood': 'gaussian', 'radius_0': -0.5, 'radius_cooling': 'exponential', 'radius_n': 0.1, 'som_dimensions': (15, 15), 'som_grid_type': 'rectangular', 'som_topology': 'planar'}",0.9621486651587798,0.9621486651587798,0.0,198
229,473.38514161109924,0.0,0.22498655319213867,0.0,1.0,pca,1.0,exponential,0.05,6000,gaussian,-0.5,exponential,0.1,"(20, 20)",rectangular,planar,"{'gaussian_neighborhood_sigma': 1.0, 'initialization': 'pca', 'learning_rate_0': 1.0, 'learning_rate_decay': 'exponential', 'learning_rate_n': 0.05, 'n_epochs': 6000, 'neighborhood': 'gaussian', 'radius_0': -0.5, 'radius_cooling': 'exponential', 'radius_n': 0.1, 'som_dimensions': (20, 20), 'som_grid_type': 'rectangular', 'som_topology': 'planar'}",0.9694742744039959,0.9694742744039959,0.0,126
230,615.7949635982513,0.0,0.3169229030609131,0.0,1.0,pca,1.0,exponential,0.05,6000,gaussian,-0.5,exponential,0.1,"(25, 25)",rectangular,planar,"{'gaussian_neighborhood_sigma': 1.0, 'initialization': 'pca', 'learning_rate_0': 1.0, 'learning_rate_decay': 'exponential', 'learning_rate_n': 0.05, 'n_epochs': 6000, 'neighborhood': 'gaussian', 'radius_0': -0.5, 'radius_cooling': 'exponential', 'radius_n': 0.1, 'som_dimensions': (25, 25), 'som_grid_type': 'rectangular', 'som_topology': 'planar'}",0.973640415019212,0.973640415019212,0.0,10
231,349.4407424926758,0.0,0.16144347190856934,0.0,1.0,pca,1.0,exponential,0.05,6000,gaussian,-0.75,exponential,0.1,"(15, 15)",rectangular,planar,"{'gaussian_neighborhood_sigma': 1.0, 'initialization': 'pca', 'learning_rate_0': 1.0, 'learning_rate_decay': 'exponential', 'learning_rate_n': 0.05, 'n_epochs': 6000, 'neighborhood': 'gaussian', 'radius_0': -0.75, 'radius_cooling': 'exponential', 'radius_n': 0.1, 'som_dimensions': (15, 15), 'som_grid_type': 'rectangular', 'som_topology': 'planar'}",0.9673496355785959,0.9673496355785959,0.0,153
232,486.0887072086334,0.0,0.23292970657348633,0.0,1.0,pca,1.0,exponential,0.05,6000,gaussian,-0.75,exponential,0.1,"(20, 20)",rectangular,planar,"{'gaussian_neighborhood_sigma': 1.0, 'initialization': 'pca', 'learning_rate_0': 1.0, 'learning_rate_decay': 'exponential', 'learning_rate_n': 0.05, 'n_epochs': 6000, 'neighborhood': 'gaussian', 'radius_0': -0.75, 'radius_cooling': 'exponential', 'radius_n': 0.1, 'som_dimensions': (20, 20), 'som_grid_type': 'rectangular', 'som_topology': 'planar'}",0.9719487322210048,0.9719487322210048,0.0,54
233,635.778281211853,0.0,0.29892611503601074,0.0,1.0,pca,1.0,exponential,0.05,6000,gaussian,-0.75,exponential,0.1,"(25, 25)",rectangular,planar,"{'gaussian_neighborhood_sigma': 1.0, 'initialization': 'pca', 'learning_rate_0': 1.0, 'learning_rate_decay': 'exponential', 'learning_rate_n': 0.05, 'n_epochs': 6000, 'neighborhood': 'gaussian', 'radius_0': -0.75, 'radius_cooling': 'exponential', 'radius_n': 0.1, 'som_dimensions': (25, 25), 'som_grid_type': 'rectangular', 'som_topology': 'planar'}",0.9713154138602893,0.9713154138602893,0.0,79
234,325.7291991710663,0.0,0.1518688201904297,0.0,1.0,pca,1.0,exponential,0.1,6000,gaussian,-0.25,exponential,0.1,"(15, 15)",rectangular,planar,"{'gaussian_neighborhood_sigma': 1.0, 'initialization': 'pca', 'learning_rate_0': 1.0, 'learning_rate_decay': 'exponential', 'learning_rate_n': 0.1, 'n_epochs': 6000, 'neighborhood': 'gaussian', 'radius_0': -0.25, 'radius_cooling': 'exponential', 'radius_n': 0.1, 'som_dimensions': (15, 15), 'som_grid_type': 'rectangular', 'som_topology': 'planar'}",0.9629314296820345,0.9629314296820345,0.0,193
235,454.9290511608124,0.0,0.2242128849029541,0.0,1.0,pca,1.0,exponential,0.1,6000,gaussian,-0.25,exponential,0.1,"(20, 20)",rectangular,planar,"{'gaussian_neighborhood_sigma': 1.0, 'initialization': 'pca', 'learning_rate_0': 1.0, 'learning_rate_decay': 'exponential', 'learning_rate_n': 0.1, 'n_epochs': 6000, 'neighborhood': 'gaussian', 'radius_0': -0.25, 'radius_cooling': 'exponential', 'radius_n': 0.1, 'som_dimensions': (20, 20), 'som_grid_type': 'rectangular', 'som_topology': 'planar'}",0.9714856098122374,0.9714856098122374,0.0,70
236,598.4969329833984,0.0,0.3023207187652588,0.0,1.0,pca,1.0,exponential,0.1,6000,gaussian,-0.25,exponential,0.1,"(25, 25)",rectangular,planar,"{'gaussian_neighborhood_sigma': 1.0, 'initialization': 'pca', 'learning_rate_0': 1.0, 'learning_rate_decay': 'exponential', 'learning_rate_n': 0.1, 'n_epochs': 6000, 'neighborhood': 'gaussian', 'radius_0': -0.25, 'radius_cooling': 'exponential', 'radius_n': 0.1, 'som_dimensions': (25, 25), 'som_grid_type': 'rectangular', 'som_topology': 'planar'}",0.8628268099796575,0.8628268099796575,0.0,238
237,338.3215973377228,0.0,0.15637779235839844,0.0,1.0,pca,1.0,exponential,0.1,6000,gaussian,-0.5,exponential,0.1,"(15, 15)",rectangular,planar,"{'gaussian_neighborhood_sigma': 1.0, 'initialization': 'pca', 'learning_rate_0': 1.0, 'learning_rate_decay': 'exponential', 'learning_rate_n': 0.1, 'n_epochs': 6000, 'neighborhood': 'gaussian', 'radius_0': -0.5, 'radius_cooling': 'exponential', 'radius_n': 0.1, 'som_dimensions': (15, 15), 'som_grid_type': 'rectangular', 'som_topology': 'planar'}",0.9675855383000989,0.9675855383000989,0.0,151
238,476.19582986831665,0.0,0.23333740234375,0.0,1.0,pca,1.0,exponential,0.1,6000,gaussian,-0.5,exponential,0.1,"(20, 20)",rectangular,planar,"{'gaussian_neighborhood_sigma': 1.0, 'initialization': 'pca', 'learning_rate_0': 1.0, 'learning_rate_decay': 'exponential', 'learning_rate_n': 0.1, 'n_epochs': 6000, 'neighborhood': 'gaussian', 'radius_0': -0.5, 'radius_cooling': 'exponential', 'radius_n': 0.1, 'som_dimensions': (20, 20), 'som_grid_type': 'rectangular', 'som_topology': 'planar'}",0.9700152494564696,0.9700152494564696,0.0,113
239,616.3628792762756,0.0,0.3082618713378906,0.0,1.0,pca,1.0,exponential,0.1,6000,gaussian,-0.5,exponential,0.1,"(25, 25)",rectangular,planar,"{'gaussian_neighborhood_sigma': 1.0, 'initialization': 'pca', 'learning_rate_0': 1.0, 'learning_rate_decay': 'exponential', 'learning_rate_n': 0.1, 'n_epochs': 6000, 'neighborhood': 'gaussian', 'radius_0': -0.5, 'radius_cooling': 'exponential', 'radius_n': 0.1, 'som_dimensions': (25, 25), 'som_grid_type': 'rectangular', 'som_topology': 'planar'}",0.973366042959422,0.973366042959422,0.0,16
240,355.7039291858673,0.0,0.16064858436584473,0.0,1.0,pca,1.0,exponential,0.1,6000,gaussian,-0.75,exponential,0.1,"(15, 15)",rectangular,planar,"{'gaussian_neighborhood_sigma': 1.0, 'initialization': 'pca', 'learning_rate_0': 1.0, 'learning_rate_decay': 'exponential', 'learning_rate_n': 0.1, 'n_epochs': 6000, 'neighborhood': 'gaussian', 'radius_0': -0.75, 'radius_cooling': 'exponential', 'radius_n': 0.1, 'som_dimensions': (15, 15), 'som_grid_type': 'rectangular', 'som_topology': 'planar'}",0.9688665811173982,0.9688665811173982,0.0,138
241,488.68077659606934,0.0,0.22192168235778809,0.0,1.0,pca,1.0,exponential,0.1,6000,gaussian,-0.75,exponential,0.1,"(20, 20)",rectangular,planar,"{'gaussian_neighborhood_sigma': 1.0, 'initialization': 'pca', 'learning_rate_0': 1.0, 'learning_rate_decay': 'exponential', 'learning_rate_n': 0.1, 'n_epochs': 6000, 'neighborhood': 'gaussian', 'radius_0': -0.75, 'radius_cooling': 'exponential', 'radius_n': 0.1, 'som_dimensions': (20, 20), 'som_grid_type': 'rectangular', 'som_topology': 'planar'}",0.9718171511026524,0.9718171511026524,0.0,58
242,632.2735104560852,0.0,0.32254457473754883,0.0,1.0,pca,1.0,exponential,0.1,6000,gaussian,-0.75,exponential,0.1,"(25, 25)",rectangular,planar,"{'gaussian_neighborhood_sigma': 1.0, 'initialization': 'pca', 'learning_rate_0': 1.0, 'learning_rate_decay': 'exponential', 'learning_rate_n': 0.1, 'n_epochs': 6000, 'neighborhood': 'gaussian', 'radius_0': -0.75, 'radius_cooling': 'exponential', 'radius_n': 0.1, 'som_dimensions': (25, 25), 'som_grid_type': 'rectangular', 'som_topology': 'planar'}",0.973275200556794,0.973275200556794,0.0,18
